,sensitivity,specificity,inv_frac,delay_samples,window
0,0.0,1.0,0.0,0,0
1,0.0,1.0,0.5,0,0
2,0.0,1.0,1.0,0,0
3,0.0,1.0,1.5,0,0
4,0.0,1.0,2.0,0,0
5,0.0,1.0,2.5,0,0
6,0.0,1.0,3.0,0,0
7,0.0,1.0,3.5,0,0
8,0.0,1.0,4.0,0,0
9,0.0,1.0,4.5,0,0
10,0.0,1.0,5.0,0,0
11,0.0,1.0,5.5,0,0
12,0.0,1.0,6.0,0,0
13,0.0,1.0,6.5,0,0
14,0.0,1.0,7.0,0,0
15,0.0,1.0,7.5,0,0
16,0.0,1.0,0.0,25,0
17,0.994,0.002004008016032064,0.5,25,0
18,1.0,0.0,1.0,25,0
19,1.0,0.0,1.5,25,0
20,1.0,0.0,2.0,25,0
21,0.872,0.05811623246492986,2.5,25,0
22,0.566,0.3306613226452906,3.0,25,0
23,0.318,0.6112224448897795,3.5,25,0
24,0.224,0.7915831663326653,4.0,25,0
25,0.146,0.87374749498998,4.5,25,0
26,0.084,0.9318637274549099,5.0,25,0
27,0.054,0.9519038076152304,5.5,25,0
28,0.036,0.9759519038076152,6.0,25,0
29,0.028,0.9839679358717435,6.5,25,0
30,0.018,0.9899799599198397,7.0,25,0
31,0.008,0.9979959919839679,7.5,25,0
32,0.0,1.0,0.0,50,0
33,1.0,0.0,0.5,50,0
34,1.0,0.0,1.0,50,0
35,1.0,0.0,1.5,50,0
36,1.0,0.0,2.0,50,0
37,1.0,0.014028056112224449,2.5,50,0
38,0.99,0.17034068136272545,3.0,50,0
39,0.93,0.4789579158316633,3.5,50,0
40,0.762,0.6773547094188377,4.0,50,0
41,0.55,0.8076152304609219,4.5,50,0
42,0.4,0.8837675350701403,5.0,50,0
43,0.31,0.9298597194388778,5.5,50,0
44,0.246,0.9579158316633266,6.0,50,0
45,0.174,0.9739478957915831,6.5,50,0
46,0.112,0.9819639278557114,7.0,50,0
47,0.08,0.9879759519038076,7.5,50,0
48,0.0,1.0,0.0,75,0
49,1.0,0.0,0.5,75,0
50,1.0,0.0,1.0,75,0
51,1.0,0.0,1.5,75,0
52,1.0,0.0,2.0,75,0
53,1.0,0.03006012024048096,2.5,75,0
54,0.996,0.18837675350701402,3.0,75,0
55,0.956,0.45691382765531063,3.5,75,0
56,0.91,0.6813627254509018,4.0,75,0
57,0.856,0.7915831663326653,4.5,75,0
58,0.802,0.8777555110220441,5.0,75,0
59,0.72,0.9258517034068137,5.5,75,0
60,0.624,0.9619238476953907,6.0,75,0
61,0.516,0.9739478957915831,6.5,75,0
62,0.444,0.9799599198396793,7.0,75,0
63,0.372,0.9879759519038076,7.5,75,0
64,0.0,1.0,0.0,100,0
65,1.0,0.0,0.5,100,0
66,1.0,0.0,1.0,100,0
67,1.0,0.0,1.5,100,0
68,1.0,0.0,2.0,100,0
69,1.0,0.03206412825651302,2.5,100,0
70,1.0,0.18036072144288579,3.0,100,0
71,0.998,0.4228456913827655,3.5,100,0
72,0.986,0.625250501002004,4.0,100,0
73,0.966,0.779559118236473,4.5,100,0
74,0.932,0.8476953907815631,5.0,100,0
75,0.884,0.8997995991983968,5.5,100,0
76,0.844,0.9458917835671342,6.0,100,0
77,0.796,0.9679358717434869,6.5,100,0
78,0.74,0.9799599198396793,7.0,100,0
79,0.716,0.9899799599198397,7.5,100,0
80,0.0,1.0,0.0,125,0
81,1.0,0.0,0.5,125,0
82,1.0,0.0,1.0,125,0
83,1.0,0.0,1.5,125,0
84,1.0,0.0,2.0,125,0
85,1.0,0.022044088176352707,2.5,125,0
86,1.0,0.1843687374749499,3.0,125,0
87,1.0,0.45490981963927857,3.5,125,0
88,0.998,0.6412825651302605,4.0,125,0
89,0.992,0.7715430861723447,4.5,125,0
90,0.972,0.8537074148296593,5.0,125,0
91,0.936,0.9018036072144289,5.5,125,0
92,0.908,0.935871743486974,6.0,125,0
93,0.868,0.9619238476953907,6.5,125,0
94,0.816,0.9739478957915831,7.0,125,0
95,0.764,0.9859719438877755,7.5,125,0
96,0.0,1.0,0.0,150,0
97,1.0,0.0,0.5,150,0
98,1.0,0.0,1.0,150,0
99,1.0,0.0,1.5,150,0
100,1.0,0.0,2.0,150,0
101,1.0,0.018036072144288578,2.5,150,0
102,1.0,0.17835671342685372,3.0,150,0
103,1.0,0.43286573146292584,3.5,150,0
104,0.996,0.6513026052104208,4.0,150,0
105,0.99,0.7915831663326653,4.5,150,0
106,0.982,0.87374749498998,5.0,150,0
107,0.966,0.9438877755511023,5.5,150,0
108,0.926,0.9599198396793587,6.0,150,0
109,0.904,0.9779559118236473,6.5,150,0
110,0.866,0.9839679358717435,7.0,150,0
111,0.83,0.9919839679358717,7.5,150,0
112,0.0,1.0,0.0,0,20
113,0.0,1.0,0.5,0,20
114,0.0,1.0,1.0,0,20
115,0.0,1.0,1.5,0,20
116,0.0,1.0,2.0,0,20
117,0.0,1.0,2.5,0,20
118,0.0,1.0,3.0,0,20
119,0.0,1.0,3.5,0,20
120,0.0,1.0,4.0,0,20
121,0.0,1.0,4.5,0,20
122,0.0,1.0,5.0,0,20
123,0.0,1.0,5.5,0,20
124,0.0,1.0,6.0,0,20
125,0.0,1.0,6.5,0,20
126,0.0,1.0,7.0,0,20
127,0.0,1.0,7.5,0,20
128,0.0,1.0,0.0,25,20
129,0.994,0.002004008016032064,0.5,25,20
130,1.0,0.0,1.0,25,20
131,1.0,0.0,1.5,25,20
132,1.0,0.0,2.0,25,20
133,0.872,0.05811623246492986,2.5,25,20
134,0.566,0.3306613226452906,3.0,25,20
135,0.318,0.6112224448897795,3.5,25,20
136,0.224,0.7915831663326653,4.0,25,20
137,0.146,0.87374749498998,4.5,25,20
138,0.084,0.9318637274549099,5.0,25,20
139,0.054,0.9519038076152304,5.5,25,20
140,0.036,0.9759519038076152,6.0,25,20
141,0.028,0.9839679358717435,6.5,25,20
142,0.018,0.9899799599198397,7.0,25,20
143,0.008,0.9979959919839679,7.5,25,20
144,0.0,1.0,0.0,50,20
145,1.0,0.0,0.5,50,20
146,1.0,0.0,1.0,50,20
147,1.0,0.0,1.5,50,20
148,1.0,0.0,2.0,50,20
149,1.0,0.014028056112224449,2.5,50,20
150,0.99,0.17034068136272545,3.0,50,20
151,0.93,0.4789579158316633,3.5,50,20
152,0.762,0.6773547094188377,4.0,50,20
153,0.55,0.8076152304609219,4.5,50,20
154,0.4,0.8837675350701403,5.0,50,20
155,0.31,0.9298597194388778,5.5,50,20
156,0.246,0.9579158316633266,6.0,50,20
157,0.174,0.9739478957915831,6.5,50,20
158,0.112,0.9819639278557114,7.0,50,20
159,0.08,0.9879759519038076,7.5,50,20
160,0.0,1.0,0.0,75,20
161,1.0,0.0,0.5,75,20
162,1.0,0.0,1.0,75,20
163,1.0,0.0,1.5,75,20
164,1.0,0.0,2.0,75,20
165,1.0,0.03006012024048096,2.5,75,20
166,0.996,0.18837675350701402,3.0,75,20
167,0.956,0.45691382765531063,3.5,75,20
168,0.91,0.6813627254509018,4.0,75,20
169,0.856,0.7915831663326653,4.5,75,20
170,0.802,0.8777555110220441,5.0,75,20
171,0.72,0.9258517034068137,5.5,75,20
172,0.624,0.9619238476953907,6.0,75,20
173,0.516,0.9739478957915831,6.5,75,20
174,0.444,0.9799599198396793,7.0,75,20
175,0.372,0.9879759519038076,7.5,75,20
176,0.0,1.0,0.0,100,20
177,1.0,0.0,0.5,100,20
178,1.0,0.0,1.0,100,20
179,1.0,0.0,1.5,100,20
180,1.0,0.0,2.0,100,20
181,1.0,0.03206412825651302,2.5,100,20
182,1.0,0.18036072144288579,3.0,100,20
183,0.998,0.4228456913827655,3.5,100,20
184,0.986,0.625250501002004,4.0,100,20
185,0.966,0.779559118236473,4.5,100,20
186,0.932,0.8476953907815631,5.0,100,20
187,0.884,0.8997995991983968,5.5,100,20
188,0.844,0.9458917835671342,6.0,100,20
189,0.796,0.9679358717434869,6.5,100,20
190,0.74,0.9799599198396793,7.0,100,20
191,0.716,0.9899799599198397,7.5,100,20
192,0.0,1.0,0.0,125,20
193,1.0,0.0,0.5,125,20
194,1.0,0.0,1.0,125,20
195,1.0,0.0,1.5,125,20
196,1.0,0.0,2.0,125,20
197,1.0,0.022044088176352707,2.5,125,20
198,1.0,0.1843687374749499,3.0,125,20
199,1.0,0.45490981963927857,3.5,125,20
200,0.998,0.6412825651302605,4.0,125,20
201,0.992,0.7715430861723447,4.5,125,20
202,0.972,0.8537074148296593,5.0,125,20
203,0.936,0.9018036072144289,5.5,125,20
204,0.908,0.935871743486974,6.0,125,20
205,0.868,0.9619238476953907,6.5,125,20
206,0.816,0.9739478957915831,7.0,125,20
207,0.764,0.9859719438877755,7.5,125,20
208,0.0,1.0,0.0,150,20
209,1.0,0.0,0.5,150,20
210,1.0,0.0,1.0,150,20
211,1.0,0.0,1.5,150,20
212,1.0,0.0,2.0,150,20
213,1.0,0.018036072144288578,2.5,150,20
214,1.0,0.17835671342685372,3.0,150,20
215,1.0,0.43286573146292584,3.5,150,20
216,0.996,0.6513026052104208,4.0,150,20
217,0.99,0.7915831663326653,4.5,150,20
218,0.982,0.87374749498998,5.0,150,20
219,0.966,0.9438877755511023,5.5,150,20
220,0.926,0.9599198396793587,6.0,150,20
221,0.904,0.9779559118236473,6.5,150,20
222,0.866,0.9839679358717435,7.0,150,20
223,0.83,0.9919839679358717,7.5,150,20
224,0.0,1.0,0.0,0,40
225,0.0,1.0,0.5,0,40
226,0.0,1.0,1.0,0,40
227,0.0,1.0,1.5,0,40
228,0.0,1.0,2.0,0,40
229,0.0,1.0,2.5,0,40
230,0.0,1.0,3.0,0,40
231,0.0,1.0,3.5,0,40
232,0.0,1.0,4.0,0,40
233,0.0,1.0,4.5,0,40
234,0.0,1.0,5.0,0,40
235,0.0,1.0,5.5,0,40
236,0.0,1.0,6.0,0,40
237,0.0,1.0,6.5,0,40
238,0.0,1.0,7.0,0,40
239,0.0,1.0,7.5,0,40
240,0.0,1.0,0.0,25,40
241,0.994,0.002004008016032064,0.5,25,40
242,1.0,0.0,1.0,25,40
243,1.0,0.0,1.5,25,40
244,1.0,0.0,2.0,25,40
245,0.872,0.05811623246492986,2.5,25,40
246,0.566,0.3306613226452906,3.0,25,40
247,0.318,0.6112224448897795,3.5,25,40
248,0.224,0.7915831663326653,4.0,25,40
249,0.146,0.87374749498998,4.5,25,40
250,0.084,0.9318637274549099,5.0,25,40
251,0.054,0.9519038076152304,5.5,25,40
252,0.036,0.9759519038076152,6.0,25,40
253,0.028,0.9839679358717435,6.5,25,40
254,0.018,0.9899799599198397,7.0,25,40
255,0.008,0.9979959919839679,7.5,25,40
256,0.0,1.0,0.0,50,40
257,1.0,0.0,0.5,50,40
258,1.0,0.0,1.0,50,40
259,1.0,0.0,1.5,50,40
260,1.0,0.0,2.0,50,40
261,1.0,0.014028056112224449,2.5,50,40
262,0.99,0.17034068136272545,3.0,50,40
263,0.93,0.4789579158316633,3.5,50,40
264,0.762,0.6773547094188377,4.0,50,40
265,0.55,0.8076152304609219,4.5,50,40
266,0.4,0.8837675350701403,5.0,50,40
267,0.31,0.9298597194388778,5.5,50,40
268,0.246,0.9579158316633266,6.0,50,40
269,0.174,0.9739478957915831,6.5,50,40
270,0.112,0.9819639278557114,7.0,50,40
271,0.08,0.9879759519038076,7.5,50,40
272,0.0,1.0,0.0,75,40
273,1.0,0.0,0.5,75,40
274,1.0,0.0,1.0,75,40
275,1.0,0.0,1.5,75,40
276,1.0,0.0,2.0,75,40
277,1.0,0.03006012024048096,2.5,75,40
278,0.996,0.18837675350701402,3.0,75,40
279,0.956,0.45691382765531063,3.5,75,40
280,0.91,0.6813627254509018,4.0,75,40
281,0.856,0.7915831663326653,4.5,75,40
282,0.802,0.8777555110220441,5.0,75,40
283,0.72,0.9258517034068137,5.5,75,40
284,0.624,0.9619238476953907,6.0,75,40
285,0.516,0.9739478957915831,6.5,75,40
286,0.444,0.9799599198396793,7.0,75,40
287,0.372,0.9879759519038076,7.5,75,40
288,0.0,1.0,0.0,100,40
289,1.0,0.0,0.5,100,40
290,1.0,0.0,1.0,100,40
291,1.0,0.0,1.5,100,40
292,1.0,0.0,2.0,100,40
293,1.0,0.03206412825651302,2.5,100,40
294,1.0,0.18036072144288579,3.0,100,40
295,0.998,0.4228456913827655,3.5,100,40
296,0.986,0.625250501002004,4.0,100,40
297,0.966,0.779559118236473,4.5,100,40
298,0.932,0.8476953907815631,5.0,100,40
299,0.884,0.8997995991983968,5.5,100,40
300,0.844,0.9458917835671342,6.0,100,40
301,0.796,0.9679358717434869,6.5,100,40
302,0.74,0.9799599198396793,7.0,100,40
303,0.716,0.9899799599198397,7.5,100,40
304,0.0,1.0,0.0,125,40
305,1.0,0.0,0.5,125,40
306,1.0,0.0,1.0,125,40
307,1.0,0.0,1.5,125,40
308,1.0,0.0,2.0,125,40
309,1.0,0.022044088176352707,2.5,125,40
310,1.0,0.1843687374749499,3.0,125,40
311,1.0,0.45490981963927857,3.5,125,40
312,0.998,0.6412825651302605,4.0,125,40
313,0.992,0.7715430861723447,4.5,125,40
314,0.972,0.8537074148296593,5.0,125,40
315,0.936,0.9018036072144289,5.5,125,40
316,0.908,0.935871743486974,6.0,125,40
317,0.868,0.9619238476953907,6.5,125,40
318,0.816,0.9739478957915831,7.0,125,40
319,0.764,0.9859719438877755,7.5,125,40
320,0.0,1.0,0.0,150,40
321,1.0,0.0,0.5,150,40
322,1.0,0.0,1.0,150,40
323,1.0,0.0,1.5,150,40
324,1.0,0.0,2.0,150,40
325,1.0,0.018036072144288578,2.5,150,40
326,1.0,0.17835671342685372,3.0,150,40
327,1.0,0.43286573146292584,3.5,150,40
328,0.996,0.6513026052104208,4.0,150,40
329,0.99,0.7915831663326653,4.5,150,40
330,0.982,0.87374749498998,5.0,150,40
331,0.966,0.9438877755511023,5.5,150,40
332,0.926,0.9599198396793587,6.0,150,40
333,0.904,0.9779559118236473,6.5,150,40
334,0.866,0.9839679358717435,7.0,150,40
335,0.83,0.9919839679358717,7.5,150,40
336,0.0,1.0,0.0,0,60
337,0.0,1.0,0.5,0,60
338,0.0,1.0,1.0,0,60
339,0.0,1.0,1.5,0,60
340,0.0,1.0,2.0,0,60
341,0.0,1.0,2.5,0,60
342,0.0,1.0,3.0,0,60
343,0.0,1.0,3.5,0,60
344,0.0,1.0,4.0,0,60
345,0.0,1.0,4.5,0,60
346,0.0,1.0,5.0,0,60
347,0.0,1.0,5.5,0,60
348,0.0,1.0,6.0,0,60
349,0.0,1.0,6.5,0,60
350,0.0,1.0,7.0,0,60
351,0.0,1.0,7.5,0,60
352,0.0,1.0,0.0,25,60
353,0.994,0.002004008016032064,0.5,25,60
354,1.0,0.0,1.0,25,60
355,1.0,0.0,1.5,25,60
356,1.0,0.0,2.0,25,60
357,0.872,0.05811623246492986,2.5,25,60
358,0.566,0.3306613226452906,3.0,25,60
359,0.318,0.6112224448897795,3.5,25,60
360,0.224,0.7915831663326653,4.0,25,60
361,0.146,0.87374749498998,4.5,25,60
362,0.084,0.9318637274549099,5.0,25,60
363,0.054,0.9519038076152304,5.5,25,60
364,0.036,0.9759519038076152,6.0,25,60
365,0.028,0.9839679358717435,6.5,25,60
366,0.018,0.9899799599198397,7.0,25,60
367,0.008,0.9979959919839679,7.5,25,60
368,0.0,1.0,0.0,50,60
369,1.0,0.0,0.5,50,60
370,1.0,0.0,1.0,50,60
371,1.0,0.0,1.5,50,60
372,1.0,0.0,2.0,50,60
373,1.0,0.014028056112224449,2.5,50,60
374,0.99,0.17034068136272545,3.0,50,60
375,0.93,0.4789579158316633,3.5,50,60
376,0.762,0.6773547094188377,4.0,50,60
377,0.55,0.8076152304609219,4.5,50,60
378,0.4,0.8837675350701403,5.0,50,60
379,0.31,0.9298597194388778,5.5,50,60
380,0.246,0.9579158316633266,6.0,50,60
381,0.174,0.9739478957915831,6.5,50,60
382,0.112,0.9819639278557114,7.0,50,60
383,0.08,0.9879759519038076,7.5,50,60
384,0.0,1.0,0.0,75,60
385,1.0,0.0,0.5,75,60
386,1.0,0.0,1.0,75,60
387,1.0,0.0,1.5,75,60
388,1.0,0.0,2.0,75,60
389,1.0,0.03006012024048096,2.5,75,60
390,0.996,0.18837675350701402,3.0,75,60
391,0.956,0.45691382765531063,3.5,75,60
392,0.91,0.6813627254509018,4.0,75,60
393,0.856,0.7915831663326653,4.5,75,60
394,0.802,0.8777555110220441,5.0,75,60
395,0.72,0.9258517034068137,5.5,75,60
396,0.624,0.9619238476953907,6.0,75,60
397,0.516,0.9739478957915831,6.5,75,60
398,0.444,0.9799599198396793,7.0,75,60
399,0.372,0.9879759519038076,7.5,75,60
400,0.0,1.0,0.0,100,60
401,1.0,0.0,0.5,100,60
402,1.0,0.0,1.0,100,60
403,1.0,0.0,1.5,100,60
404,1.0,0.0,2.0,100,60
405,1.0,0.03206412825651302,2.5,100,60
406,1.0,0.18036072144288579,3.0,100,60
407,0.998,0.4228456913827655,3.5,100,60
408,0.986,0.625250501002004,4.0,100,60
409,0.966,0.779559118236473,4.5,100,60
410,0.932,0.8476953907815631,5.0,100,60
411,0.884,0.8997995991983968,5.5,100,60
412,0.844,0.9458917835671342,6.0,100,60
413,0.796,0.9679358717434869,6.5,100,60
414,0.74,0.9799599198396793,7.0,100,60
415,0.716,0.9899799599198397,7.5,100,60
416,0.0,1.0,0.0,125,60
417,1.0,0.0,0.5,125,60
418,1.0,0.0,1.0,125,60
419,1.0,0.0,1.5,125,60
420,1.0,0.0,2.0,125,60
421,1.0,0.022044088176352707,2.5,125,60
422,1.0,0.1843687374749499,3.0,125,60
423,1.0,0.45490981963927857,3.5,125,60
424,0.998,0.6412825651302605,4.0,125,60
425,0.992,0.7715430861723447,4.5,125,60
426,0.972,0.8537074148296593,5.0,125,60
427,0.936,0.9018036072144289,5.5,125,60
428,0.908,0.935871743486974,6.0,125,60
429,0.868,0.9619238476953907,6.5,125,60
430,0.816,0.9739478957915831,7.0,125,60
431,0.764,0.9859719438877755,7.5,125,60
432,0.0,1.0,0.0,150,60
433,1.0,0.0,0.5,150,60
434,1.0,0.0,1.0,150,60
435,1.0,0.0,1.5,150,60
436,1.0,0.0,2.0,150,60
437,1.0,0.018036072144288578,2.5,150,60
438,1.0,0.17835671342685372,3.0,150,60
439,1.0,0.43286573146292584,3.5,150,60
440,0.996,0.6513026052104208,4.0,150,60
441,0.99,0.7915831663326653,4.5,150,60
442,0.982,0.87374749498998,5.0,150,60
443,0.966,0.9438877755511023,5.5,150,60
444,0.926,0.9599198396793587,6.0,150,60
445,0.904,0.9779559118236473,6.5,150,60
446,0.866,0.9839679358717435,7.0,150,60
447,0.83,0.9919839679358717,7.5,150,60
448,0.0,1.0,0.0,0,80
449,0.0,1.0,0.5,0,80
450,0.0,1.0,1.0,0,80
451,0.0,1.0,1.5,0,80
452,0.0,1.0,2.0,0,80
453,0.0,1.0,2.5,0,80
454,0.0,1.0,3.0,0,80
455,0.0,1.0,3.5,0,80
456,0.0,1.0,4.0,0,80
457,0.0,1.0,4.5,0,80
458,0.0,1.0,5.0,0,80
459,0.0,1.0,5.5,0,80
460,0.0,1.0,6.0,0,80
461,0.0,1.0,6.5,0,80
462,0.0,1.0,7.0,0,80
463,0.0,1.0,7.5,0,80
464,0.0,1.0,0.0,25,80
465,0.994,0.002004008016032064,0.5,25,80
466,1.0,0.0,1.0,25,80
467,1.0,0.0,1.5,25,80
468,1.0,0.0,2.0,25,80
469,0.872,0.05811623246492986,2.5,25,80
470,0.566,0.3306613226452906,3.0,25,80
471,0.318,0.6112224448897795,3.5,25,80
472,0.224,0.7915831663326653,4.0,25,80
473,0.146,0.87374749498998,4.5,25,80
474,0.084,0.9318637274549099,5.0,25,80
475,0.054,0.9519038076152304,5.5,25,80
476,0.036,0.9759519038076152,6.0,25,80
477,0.028,0.9839679358717435,6.5,25,80
478,0.018,0.9899799599198397,7.0,25,80
479,0.008,0.9979959919839679,7.5,25,80
480,0.0,1.0,0.0,50,80
481,1.0,0.0,0.5,50,80
482,1.0,0.0,1.0,50,80
483,1.0,0.0,1.5,50,80
484,1.0,0.0,2.0,50,80
485,1.0,0.014028056112224449,2.5,50,80
486,0.99,0.17034068136272545,3.0,50,80
487,0.93,0.4789579158316633,3.5,50,80
488,0.762,0.6773547094188377,4.0,50,80
489,0.55,0.8076152304609219,4.5,50,80
490,0.4,0.8837675350701403,5.0,50,80
491,0.31,0.9298597194388778,5.5,50,80
492,0.246,0.9579158316633266,6.0,50,80
493,0.174,0.9739478957915831,6.5,50,80
494,0.112,0.9819639278557114,7.0,50,80
495,0.08,0.9879759519038076,7.5,50,80
496,0.0,1.0,0.0,75,80
497,1.0,0.0,0.5,75,80
498,1.0,0.0,1.0,75,80
499,1.0,0.0,1.5,75,80
500,1.0,0.0,2.0,75,80
501,1.0,0.03006012024048096,2.5,75,80
502,0.996,0.18837675350701402,3.0,75,80
503,0.956,0.45691382765531063,3.5,75,80
504,0.91,0.6813627254509018,4.0,75,80
505,0.856,0.7915831663326653,4.5,75,80
506,0.802,0.8777555110220441,5.0,75,80
507,0.72,0.9258517034068137,5.5,75,80
508,0.624,0.9619238476953907,6.0,75,80
509,0.516,0.9739478957915831,6.5,75,80
510,0.444,0.9799599198396793,7.0,75,80
511,0.372,0.9879759519038076,7.5,75,80
512,0.0,1.0,0.0,100,80
513,1.0,0.0,0.5,100,80
514,1.0,0.0,1.0,100,80
515,1.0,0.0,1.5,100,80
516,1.0,0.0,2.0,100,80
517,1.0,0.03206412825651302,2.5,100,80
518,1.0,0.18036072144288579,3.0,100,80
519,0.998,0.4228456913827655,3.5,100,80
520,0.986,0.625250501002004,4.0,100,80
521,0.966,0.779559118236473,4.5,100,80
522,0.932,0.8476953907815631,5.0,100,80
523,0.884,0.8997995991983968,5.5,100,80
524,0.844,0.9458917835671342,6.0,100,80
525,0.796,0.9679358717434869,6.5,100,80
526,0.74,0.9799599198396793,7.0,100,80
527,0.716,0.9899799599198397,7.5,100,80
528,0.0,1.0,0.0,125,80
529,1.0,0.0,0.5,125,80
530,1.0,0.0,1.0,125,80
531,1.0,0.0,1.5,125,80
532,1.0,0.0,2.0,125,80
533,1.0,0.022044088176352707,2.5,125,80
534,1.0,0.1843687374749499,3.0,125,80
535,1.0,0.45490981963927857,3.5,125,80
536,0.998,0.6412825651302605,4.0,125,80
537,0.992,0.7715430861723447,4.5,125,80
538,0.972,0.8537074148296593,5.0,125,80
539,0.936,0.9018036072144289,5.5,125,80
540,0.908,0.935871743486974,6.0,125,80
541,0.868,0.9619238476953907,6.5,125,80
542,0.816,0.9739478957915831,7.0,125,80
543,0.764,0.9859719438877755,7.5,125,80
544,0.0,1.0,0.0,150,80
545,1.0,0.0,0.5,150,80
546,1.0,0.0,1.0,150,80
547,1.0,0.0,1.5,150,80
548,1.0,0.0,2.0,150,80
549,1.0,0.018036072144288578,2.5,150,80
550,1.0,0.17835671342685372,3.0,150,80
551,1.0,0.43286573146292584,3.5,150,80
552,0.996,0.6513026052104208,4.0,150,80
553,0.99,0.7915831663326653,4.5,150,80
554,0.982,0.87374749498998,5.0,150,80
555,0.966,0.9438877755511023,5.5,150,80
556,0.926,0.9599198396793587,6.0,150,80
557,0.904,0.9779559118236473,6.5,150,80
558,0.866,0.9839679358717435,7.0,150,80
559,0.83,0.9919839679358717,7.5,150,80
560,0.0,1.0,0.0,0,100
561,0.0,1.0,0.5,0,100
562,0.0,1.0,1.0,0,100
563,0.0,1.0,1.5,0,100
564,0.0,1.0,2.0,0,100
565,0.0,1.0,2.5,0,100
566,0.0,1.0,3.0,0,100
567,0.0,1.0,3.5,0,100
568,0.0,1.0,4.0,0,100
569,0.0,1.0,4.5,0,100
570,0.0,1.0,5.0,0,100
571,0.0,1.0,5.5,0,100
572,0.0,1.0,6.0,0,100
573,0.0,1.0,6.5,0,100
574,0.0,1.0,7.0,0,100
575,0.0,1.0,7.5,0,100
576,0.0,1.0,0.0,25,100
577,0.994,0.002004008016032064,0.5,25,100
578,1.0,0.0,1.0,25,100
579,1.0,0.0,1.5,25,100
580,1.0,0.0,2.0,25,100
581,0.872,0.05811623246492986,2.5,25,100
582,0.566,0.3306613226452906,3.0,25,100
583,0.318,0.6112224448897795,3.5,25,100
584,0.224,0.7915831663326653,4.0,25,100
585,0.146,0.87374749498998,4.5,25,100
586,0.084,0.9318637274549099,5.0,25,100
587,0.054,0.9519038076152304,5.5,25,100
588,0.036,0.9759519038076152,6.0,25,100
589,0.028,0.9839679358717435,6.5,25,100
590,0.018,0.9899799599198397,7.0,25,100
591,0.008,0.9979959919839679,7.5,25,100
592,0.0,1.0,0.0,50,100
593,1.0,0.0,0.5,50,100
594,1.0,0.0,1.0,50,100
595,1.0,0.0,1.5,50,100
596,1.0,0.0,2.0,50,100
597,1.0,0.014028056112224449,2.5,50,100
598,0.99,0.17034068136272545,3.0,50,100
599,0.93,0.4789579158316633,3.5,50,100
600,0.762,0.6773547094188377,4.0,50,100
601,0.55,0.8076152304609219,4.5,50,100
602,0.4,0.8837675350701403,5.0,50,100
603,0.31,0.9298597194388778,5.5,50,100
604,0.246,0.9579158316633266,6.0,50,100
605,0.174,0.9739478957915831,6.5,50,100
606,0.112,0.9819639278557114,7.0,50,100
607,0.08,0.9879759519038076,7.5,50,100
608,0.0,1.0,0.0,75,100
609,1.0,0.0,0.5,75,100
610,1.0,0.0,1.0,75,100
611,1.0,0.0,1.5,75,100
612,1.0,0.0,2.0,75,100
613,1.0,0.03006012024048096,2.5,75,100
614,0.996,0.18837675350701402,3.0,75,100
615,0.956,0.45691382765531063,3.5,75,100
616,0.91,0.6813627254509018,4.0,75,100
617,0.856,0.7915831663326653,4.5,75,100
618,0.802,0.8777555110220441,5.0,75,100
619,0.72,0.9258517034068137,5.5,75,100
620,0.624,0.9619238476953907,6.0,75,100
621,0.516,0.9739478957915831,6.5,75,100
622,0.444,0.9799599198396793,7.0,75,100
623,0.372,0.9879759519038076,7.5,75,100
624,0.0,1.0,0.0,100,100
625,1.0,0.0,0.5,100,100
626,1.0,0.0,1.0,100,100
627,1.0,0.0,1.5,100,100
628,1.0,0.0,2.0,100,100
629,1.0,0.03206412825651302,2.5,100,100
630,1.0,0.18036072144288579,3.0,100,100
631,0.998,0.4228456913827655,3.5,100,100
632,0.986,0.625250501002004,4.0,100,100
633,0.966,0.779559118236473,4.5,100,100
634,0.932,0.8476953907815631,5.0,100,100
635,0.884,0.8997995991983968,5.5,100,100
636,0.844,0.9458917835671342,6.0,100,100
637,0.796,0.9679358717434869,6.5,100,100
638,0.74,0.9799599198396793,7.0,100,100
639,0.716,0.9899799599198397,7.5,100,100
640,0.0,1.0,0.0,125,100
641,1.0,0.0,0.5,125,100
642,1.0,0.0,1.0,125,100
643,1.0,0.0,1.5,125,100
644,1.0,0.0,2.0,125,100
645,1.0,0.022044088176352707,2.5,125,100
646,1.0,0.1843687374749499,3.0,125,100
647,1.0,0.45490981963927857,3.5,125,100
648,0.998,0.6412825651302605,4.0,125,100
649,0.992,0.7715430861723447,4.5,125,100
650,0.972,0.8537074148296593,5.0,125,100
651,0.936,0.9018036072144289,5.5,125,100
652,0.908,0.935871743486974,6.0,125,100
653,0.868,0.9619238476953907,6.5,125,100
654,0.816,0.9739478957915831,7.0,125,100
655,0.764,0.9859719438877755,7.5,125,100
656,0.0,1.0,0.0,150,100
657,1.0,0.0,0.5,150,100
658,1.0,0.0,1.0,150,100
659,1.0,0.0,1.5,150,100
660,1.0,0.0,2.0,150,100
661,1.0,0.018036072144288578,2.5,150,100
662,1.0,0.17835671342685372,3.0,150,100
663,1.0,0.43286573146292584,3.5,150,100
664,0.996,0.6513026052104208,4.0,150,100
665,0.99,0.7915831663326653,4.5,150,100
666,0.982,0.87374749498998,5.0,150,100
667,0.966,0.9438877755511023,5.5,150,100
668,0.926,0.9599198396793587,6.0,150,100
669,0.904,0.9779559118236473,6.5,150,100
670,0.866,0.9839679358717435,7.0,150,100
671,0.83,0.9919839679358717,7.5,150,100
672,0.0,1.0,0.0,0,120
673,0.0,1.0,0.5,0,120
674,0.0,1.0,1.0,0,120
675,0.0,1.0,1.5,0,120
676,0.0,1.0,2.0,0,120
677,0.0,1.0,2.5,0,120
678,0.0,1.0,3.0,0,120
679,0.0,1.0,3.5,0,120
680,0.0,1.0,4.0,0,120
681,0.0,1.0,4.5,0,120
682,0.0,1.0,5.0,0,120
683,0.0,1.0,5.5,0,120
684,0.0,1.0,6.0,0,120
685,0.0,1.0,6.5,0,120
686,0.0,1.0,7.0,0,120
687,0.0,1.0,7.5,0,120
688,0.0,1.0,0.0,25,120
689,0.994,0.002004008016032064,0.5,25,120
690,1.0,0.0,1.0,25,120
691,1.0,0.0,1.5,25,120
692,1.0,0.0,2.0,25,120
693,0.872,0.05811623246492986,2.5,25,120
694,0.566,0.3306613226452906,3.0,25,120
695,0.318,0.6112224448897795,3.5,25,120
696,0.224,0.7915831663326653,4.0,25,120
697,0.146,0.87374749498998,4.5,25,120
698,0.084,0.9318637274549099,5.0,25,120
699,0.054,0.9519038076152304,5.5,25,120
700,0.036,0.9759519038076152,6.0,25,120
701,0.028,0.9839679358717435,6.5,25,120
702,0.018,0.9899799599198397,7.0,25,120
703,0.008,0.9979959919839679,7.5,25,120
704,0.0,1.0,0.0,50,120
705,1.0,0.0,0.5,50,120
706,1.0,0.0,1.0,50,120
707,1.0,0.0,1.5,50,120
708,1.0,0.0,2.0,50,120
709,1.0,0.014028056112224449,2.5,50,120
710,0.99,0.17034068136272545,3.0,50,120
711,0.93,0.4789579158316633,3.5,50,120
712,0.762,0.6773547094188377,4.0,50,120
713,0.55,0.8076152304609219,4.5,50,120
714,0.4,0.8837675350701403,5.0,50,120
715,0.31,0.9298597194388778,5.5,50,120
716,0.246,0.9579158316633266,6.0,50,120
717,0.174,0.9739478957915831,6.5,50,120
718,0.112,0.9819639278557114,7.0,50,120
719,0.08,0.9879759519038076,7.5,50,120
720,0.0,1.0,0.0,75,120
721,1.0,0.0,0.5,75,120
722,1.0,0.0,1.0,75,120
723,1.0,0.0,1.5,75,120
724,1.0,0.0,2.0,75,120
725,1.0,0.03006012024048096,2.5,75,120
726,0.996,0.18837675350701402,3.0,75,120
727,0.956,0.45691382765531063,3.5,75,120
728,0.91,0.6813627254509018,4.0,75,120
729,0.856,0.7915831663326653,4.5,75,120
730,0.802,0.8777555110220441,5.0,75,120
731,0.72,0.9258517034068137,5.5,75,120
732,0.624,0.9619238476953907,6.0,75,120
733,0.516,0.9739478957915831,6.5,75,120
734,0.444,0.9799599198396793,7.0,75,120
735,0.372,0.9879759519038076,7.5,75,120
736,0.0,1.0,0.0,100,120
737,1.0,0.0,0.5,100,120
738,1.0,0.0,1.0,100,120
739,1.0,0.0,1.5,100,120
740,1.0,0.0,2.0,100,120
741,1.0,0.03206412825651302,2.5,100,120
742,1.0,0.18036072144288579,3.0,100,120
743,0.998,0.4228456913827655,3.5,100,120
744,0.986,0.625250501002004,4.0,100,120
745,0.966,0.779559118236473,4.5,100,120
746,0.932,0.8476953907815631,5.0,100,120
747,0.884,0.8997995991983968,5.5,100,120
748,0.844,0.9458917835671342,6.0,100,120
749,0.796,0.9679358717434869,6.5,100,120
750,0.74,0.9799599198396793,7.0,100,120
751,0.716,0.9899799599198397,7.5,100,120
752,0.0,1.0,0.0,125,120
753,1.0,0.0,0.5,125,120
754,1.0,0.0,1.0,125,120
755,1.0,0.0,1.5,125,120
756,1.0,0.0,2.0,125,120
757,1.0,0.022044088176352707,2.5,125,120
758,1.0,0.1843687374749499,3.0,125,120
759,1.0,0.45490981963927857,3.5,125,120
760,0.998,0.6412825651302605,4.0,125,120
761,0.992,0.7715430861723447,4.5,125,120
762,0.972,0.8537074148296593,5.0,125,120
763,0.936,0.9018036072144289,5.5,125,120
764,0.908,0.935871743486974,6.0,125,120
765,0.868,0.9619238476953907,6.5,125,120
766,0.816,0.9739478957915831,7.0,125,120
767,0.764,0.9859719438877755,7.5,125,120
768,0.0,1.0,0.0,150,120
769,1.0,0.0,0.5,150,120
770,1.0,0.0,1.0,150,120
771,1.0,0.0,1.5,150,120
772,1.0,0.0,2.0,150,120
773,1.0,0.018036072144288578,2.5,150,120
774,1.0,0.17835671342685372,3.0,150,120
775,1.0,0.43286573146292584,3.5,150,120
776,0.996,0.6513026052104208,4.0,150,120
777,0.99,0.7915831663326653,4.5,150,120
778,0.982,0.87374749498998,5.0,150,120
779,0.966,0.9438877755511023,5.5,150,120
780,0.926,0.9599198396793587,6.0,150,120
781,0.904,0.9779559118236473,6.5,150,120
782,0.866,0.9839679358717435,7.0,150,120
783,0.83,0.9919839679358717,7.5,150,120
784,0.0,1.0,0.0,0,140
785,0.0,1.0,0.5,0,140
786,0.0,1.0,1.0,0,140
787,0.0,1.0,1.5,0,140
788,0.0,1.0,2.0,0,140
789,0.0,1.0,2.5,0,140
790,0.0,1.0,3.0,0,140
791,0.0,1.0,3.5,0,140
792,0.0,1.0,4.0,0,140
793,0.0,1.0,4.5,0,140
794,0.0,1.0,5.0,0,140
795,0.0,1.0,5.5,0,140
796,0.0,1.0,6.0,0,140
797,0.0,1.0,6.5,0,140
798,0.0,1.0,7.0,0,140
799,0.0,1.0,7.5,0,140
800,0.0,1.0,0.0,25,140
801,0.994,0.002004008016032064,0.5,25,140
802,1.0,0.0,1.0,25,140
803,1.0,0.0,1.5,25,140
804,1.0,0.0,2.0,25,140
805,0.872,0.05811623246492986,2.5,25,140
806,0.566,0.3306613226452906,3.0,25,140
807,0.318,0.6112224448897795,3.5,25,140
808,0.224,0.7915831663326653,4.0,25,140
809,0.146,0.87374749498998,4.5,25,140
810,0.084,0.9318637274549099,5.0,25,140
811,0.054,0.9519038076152304,5.5,25,140
812,0.036,0.9759519038076152,6.0,25,140
813,0.028,0.9839679358717435,6.5,25,140
814,0.018,0.9899799599198397,7.0,25,140
815,0.008,0.9979959919839679,7.5,25,140
816,0.0,1.0,0.0,50,140
817,1.0,0.0,0.5,50,140
818,1.0,0.0,1.0,50,140
819,1.0,0.0,1.5,50,140
820,1.0,0.0,2.0,50,140
821,1.0,0.014028056112224449,2.5,50,140
822,0.99,0.17034068136272545,3.0,50,140
823,0.93,0.4789579158316633,3.5,50,140
824,0.762,0.6773547094188377,4.0,50,140
825,0.55,0.8076152304609219,4.5,50,140
826,0.4,0.8837675350701403,5.0,50,140
827,0.31,0.9298597194388778,5.5,50,140
828,0.246,0.9579158316633266,6.0,50,140
829,0.174,0.9739478957915831,6.5,50,140
830,0.112,0.9819639278557114,7.0,50,140
831,0.08,0.9879759519038076,7.5,50,140
832,0.0,1.0,0.0,75,140
833,1.0,0.0,0.5,75,140
834,1.0,0.0,1.0,75,140
835,1.0,0.0,1.5,75,140
836,1.0,0.0,2.0,75,140
837,1.0,0.03006012024048096,2.5,75,140
838,0.996,0.18837675350701402,3.0,75,140
839,0.956,0.45691382765531063,3.5,75,140
840,0.91,0.6813627254509018,4.0,75,140
841,0.856,0.7915831663326653,4.5,75,140
842,0.802,0.8777555110220441,5.0,75,140
843,0.72,0.9258517034068137,5.5,75,140
844,0.624,0.9619238476953907,6.0,75,140
845,0.516,0.9739478957915831,6.5,75,140
846,0.444,0.9799599198396793,7.0,75,140
847,0.372,0.9879759519038076,7.5,75,140
848,0.0,1.0,0.0,100,140
849,1.0,0.0,0.5,100,140
850,1.0,0.0,1.0,100,140
851,1.0,0.0,1.5,100,140
852,1.0,0.0,2.0,100,140
853,1.0,0.03206412825651302,2.5,100,140
854,1.0,0.18036072144288579,3.0,100,140
855,0.998,0.4228456913827655,3.5,100,140
856,0.986,0.625250501002004,4.0,100,140
857,0.966,0.779559118236473,4.5,100,140
858,0.932,0.8476953907815631,5.0,100,140
859,0.884,0.8997995991983968,5.5,100,140
860,0.844,0.9458917835671342,6.0,100,140
861,0.796,0.9679358717434869,6.5,100,140
862,0.74,0.9799599198396793,7.0,100,140
863,0.716,0.9899799599198397,7.5,100,140
864,0.0,1.0,0.0,125,140
865,1.0,0.0,0.5,125,140
866,1.0,0.0,1.0,125,140
867,1.0,0.0,1.5,125,140
868,1.0,0.0,2.0,125,140
869,1.0,0.022044088176352707,2.5,125,140
870,1.0,0.1843687374749499,3.0,125,140
871,1.0,0.45490981963927857,3.5,125,140
872,0.998,0.6412825651302605,4.0,125,140
873,0.992,0.7715430861723447,4.5,125,140
874,0.972,0.8537074148296593,5.0,125,140
875,0.936,0.9018036072144289,5.5,125,140
876,0.908,0.935871743486974,6.0,125,140
877,0.868,0.9619238476953907,6.5,125,140
878,0.816,0.9739478957915831,7.0,125,140
879,0.764,0.9859719438877755,7.5,125,140
880,0.0,1.0,0.0,150,140
881,1.0,0.0,0.5,150,140
882,1.0,0.0,1.0,150,140
883,1.0,0.0,1.5,150,140
884,1.0,0.0,2.0,150,140
885,1.0,0.018036072144288578,2.5,150,140
886,1.0,0.17835671342685372,3.0,150,140
887,1.0,0.43286573146292584,3.5,150,140
888,0.996,0.6513026052104208,4.0,150,140
889,0.99,0.7915831663326653,4.5,150,140
890,0.982,0.87374749498998,5.0,150,140
891,0.966,0.9438877755511023,5.5,150,140
892,0.926,0.9599198396793587,6.0,150,140
893,0.904,0.9779559118236473,6.5,150,140
894,0.866,0.9839679358717435,7.0,150,140
895,0.83,0.9919839679358717,7.5,150,140
896,0.0,1.0,0.0,0,160
897,0.0,1.0,0.5,0,160
898,0.0,1.0,1.0,0,160
899,0.0,1.0,1.5,0,160
900,0.0,1.0,2.0,0,160
901,0.0,1.0,2.5,0,160
902,0.0,1.0,3.0,0,160
903,0.0,1.0,3.5,0,160
904,0.0,1.0,4.0,0,160
905,0.0,1.0,4.5,0,160
906,0.0,1.0,5.0,0,160
907,0.0,1.0,5.5,0,160
908,0.0,1.0,6.0,0,160
909,0.0,1.0,6.5,0,160
910,0.0,1.0,7.0,0,160
911,0.0,1.0,7.5,0,160
912,0.0,1.0,0.0,25,160
913,0.994,0.002004008016032064,0.5,25,160
914,1.0,0.0,1.0,25,160
915,1.0,0.0,1.5,25,160
916,1.0,0.0,2.0,25,160
917,0.872,0.05811623246492986,2.5,25,160
918,0.566,0.3306613226452906,3.0,25,160
919,0.318,0.6112224448897795,3.5,25,160
920,0.224,0.7915831663326653,4.0,25,160
921,0.146,0.87374749498998,4.5,25,160
922,0.084,0.9318637274549099,5.0,25,160
923,0.054,0.9519038076152304,5.5,25,160
924,0.036,0.9759519038076152,6.0,25,160
925,0.028,0.9839679358717435,6.5,25,160
926,0.018,0.9899799599198397,7.0,25,160
927,0.008,0.9979959919839679,7.5,25,160
928,0.0,1.0,0.0,50,160
929,1.0,0.0,0.5,50,160
930,1.0,0.0,1.0,50,160
931,1.0,0.0,1.5,50,160
932,1.0,0.0,2.0,50,160
933,1.0,0.014028056112224449,2.5,50,160
934,0.99,0.17034068136272545,3.0,50,160
935,0.93,0.4789579158316633,3.5,50,160
936,0.762,0.6773547094188377,4.0,50,160
937,0.55,0.8076152304609219,4.5,50,160
938,0.4,0.8837675350701403,5.0,50,160
939,0.31,0.9298597194388778,5.5,50,160
940,0.246,0.9579158316633266,6.0,50,160
941,0.174,0.9739478957915831,6.5,50,160
942,0.112,0.9819639278557114,7.0,50,160
943,0.08,0.9879759519038076,7.5,50,160
944,0.0,1.0,0.0,75,160
945,1.0,0.0,0.5,75,160
946,1.0,0.0,1.0,75,160
947,1.0,0.0,1.5,75,160
948,1.0,0.0,2.0,75,160
949,1.0,0.03006012024048096,2.5,75,160
950,0.996,0.18837675350701402,3.0,75,160
951,0.956,0.45691382765531063,3.5,75,160
952,0.91,0.6813627254509018,4.0,75,160
953,0.856,0.7915831663326653,4.5,75,160
954,0.802,0.8777555110220441,5.0,75,160
955,0.72,0.9258517034068137,5.5,75,160
956,0.624,0.9619238476953907,6.0,75,160
957,0.516,0.9739478957915831,6.5,75,160
958,0.444,0.9799599198396793,7.0,75,160
959,0.372,0.9879759519038076,7.5,75,160
960,0.0,1.0,0.0,100,160
961,1.0,0.0,0.5,100,160
962,1.0,0.0,1.0,100,160
963,1.0,0.0,1.5,100,160
964,1.0,0.0,2.0,100,160
965,1.0,0.03206412825651302,2.5,100,160
966,1.0,0.18036072144288579,3.0,100,160
967,0.998,0.4228456913827655,3.5,100,160
968,0.986,0.625250501002004,4.0,100,160
969,0.966,0.779559118236473,4.5,100,160
970,0.932,0.8476953907815631,5.0,100,160
971,0.884,0.8997995991983968,5.5,100,160
972,0.844,0.9458917835671342,6.0,100,160
973,0.796,0.9679358717434869,6.5,100,160
974,0.74,0.9799599198396793,7.0,100,160
975,0.716,0.9899799599198397,7.5,100,160
976,0.0,1.0,0.0,125,160
977,1.0,0.0,0.5,125,160
978,1.0,0.0,1.0,125,160
979,1.0,0.0,1.5,125,160
980,1.0,0.0,2.0,125,160
981,1.0,0.022044088176352707,2.5,125,160
982,1.0,0.1843687374749499,3.0,125,160
983,1.0,0.45490981963927857,3.5,125,160
984,0.998,0.6412825651302605,4.0,125,160
985,0.992,0.7715430861723447,4.5,125,160
986,0.972,0.8537074148296593,5.0,125,160
987,0.936,0.9018036072144289,5.5,125,160
988,0.908,0.935871743486974,6.0,125,160
989,0.868,0.9619238476953907,6.5,125,160
990,0.816,0.9739478957915831,7.0,125,160
991,0.764,0.9859719438877755,7.5,125,160
992,0.0,1.0,0.0,150,160
993,1.0,0.0,0.5,150,160
994,1.0,0.0,1.0,150,160
995,1.0,0.0,1.5,150,160
996,1.0,0.0,2.0,150,160
997,1.0,0.018036072144288578,2.5,150,160
998,1.0,0.17835671342685372,3.0,150,160
999,1.0,0.43286573146292584,3.5,150,160
1000,0.996,0.6513026052104208,4.0,150,160
1001,0.99,0.7915831663326653,4.5,150,160
1002,0.982,0.87374749498998,5.0,150,160
1003,0.966,0.9438877755511023,5.5,150,160
1004,0.926,0.9599198396793587,6.0,150,160
1005,0.904,0.9779559118236473,6.5,150,160
1006,0.866,0.9839679358717435,7.0,150,160
1007,0.83,0.9919839679358717,7.5,150,160
1008,0.0,1.0,0.0,0,180
1009,0.0,1.0,0.5,0,180
1010,0.0,1.0,1.0,0,180
1011,0.0,1.0,1.5,0,180
1012,0.0,1.0,2.0,0,180
1013,0.0,1.0,2.5,0,180
1014,0.0,1.0,3.0,0,180
1015,0.0,1.0,3.5,0,180
1016,0.0,1.0,4.0,0,180
1017,0.0,1.0,4.5,0,180
1018,0.0,1.0,5.0,0,180
1019,0.0,1.0,5.5,0,180
1020,0.0,1.0,6.0,0,180
1021,0.0,1.0,6.5,0,180
1022,0.0,1.0,7.0,0,180
1023,0.0,1.0,7.5,0,180
1024,0.0,1.0,0.0,25,180
1025,0.994,0.002004008016032064,0.5,25,180
1026,1.0,0.0,1.0,25,180
1027,1.0,0.0,1.5,25,180
1028,1.0,0.0,2.0,25,180
1029,0.872,0.05811623246492986,2.5,25,180
1030,0.566,0.3306613226452906,3.0,25,180
1031,0.318,0.6112224448897795,3.5,25,180
1032,0.224,0.7915831663326653,4.0,25,180
1033,0.146,0.87374749498998,4.5,25,180
1034,0.084,0.9318637274549099,5.0,25,180
1035,0.054,0.9519038076152304,5.5,25,180
1036,0.036,0.9759519038076152,6.0,25,180
1037,0.028,0.9839679358717435,6.5,25,180
1038,0.018,0.9899799599198397,7.0,25,180
1039,0.008,0.9979959919839679,7.5,25,180
1040,0.0,1.0,0.0,50,180
1041,1.0,0.0,0.5,50,180
1042,1.0,0.0,1.0,50,180
1043,1.0,0.0,1.5,50,180
1044,1.0,0.0,2.0,50,180
1045,1.0,0.014028056112224449,2.5,50,180
1046,0.99,0.17034068136272545,3.0,50,180
1047,0.93,0.4789579158316633,3.5,50,180
1048,0.762,0.6773547094188377,4.0,50,180
1049,0.55,0.8076152304609219,4.5,50,180
1050,0.4,0.8837675350701403,5.0,50,180
1051,0.31,0.9298597194388778,5.5,50,180
1052,0.246,0.9579158316633266,6.0,50,180
1053,0.174,0.9739478957915831,6.5,50,180
1054,0.112,0.9819639278557114,7.0,50,180
1055,0.08,0.9879759519038076,7.5,50,180
1056,0.0,1.0,0.0,75,180
1057,1.0,0.0,0.5,75,180
1058,1.0,0.0,1.0,75,180
1059,1.0,0.0,1.5,75,180
1060,1.0,0.0,2.0,75,180
1061,1.0,0.03006012024048096,2.5,75,180
1062,0.996,0.18837675350701402,3.0,75,180
1063,0.956,0.45691382765531063,3.5,75,180
1064,0.91,0.6813627254509018,4.0,75,180
1065,0.856,0.7915831663326653,4.5,75,180
1066,0.802,0.8777555110220441,5.0,75,180
1067,0.72,0.9258517034068137,5.5,75,180
1068,0.624,0.9619238476953907,6.0,75,180
1069,0.516,0.9739478957915831,6.5,75,180
1070,0.444,0.9799599198396793,7.0,75,180
1071,0.372,0.9879759519038076,7.5,75,180
1072,0.0,1.0,0.0,100,180
1073,1.0,0.0,0.5,100,180
1074,1.0,0.0,1.0,100,180
1075,1.0,0.0,1.5,100,180
1076,1.0,0.0,2.0,100,180
1077,1.0,0.03206412825651302,2.5,100,180
1078,1.0,0.18036072144288579,3.0,100,180
1079,0.998,0.4228456913827655,3.5,100,180
1080,0.986,0.625250501002004,4.0,100,180
1081,0.966,0.779559118236473,4.5,100,180
1082,0.932,0.8476953907815631,5.0,100,180
1083,0.884,0.8997995991983968,5.5,100,180
1084,0.844,0.9458917835671342,6.0,100,180
1085,0.796,0.9679358717434869,6.5,100,180
1086,0.74,0.9799599198396793,7.0,100,180
1087,0.716,0.9899799599198397,7.5,100,180
1088,0.0,1.0,0.0,125,180
1089,1.0,0.0,0.5,125,180
1090,1.0,0.0,1.0,125,180
1091,1.0,0.0,1.5,125,180
1092,1.0,0.0,2.0,125,180
1093,1.0,0.022044088176352707,2.5,125,180
1094,1.0,0.1843687374749499,3.0,125,180
1095,1.0,0.45490981963927857,3.5,125,180
1096,0.998,0.6412825651302605,4.0,125,180
1097,0.992,0.7715430861723447,4.5,125,180
1098,0.972,0.8537074148296593,5.0,125,180
1099,0.936,0.9018036072144289,5.5,125,180
1100,0.908,0.935871743486974,6.0,125,180
1101,0.868,0.9619238476953907,6.5,125,180
1102,0.816,0.9739478957915831,7.0,125,180
1103,0.764,0.9859719438877755,7.5,125,180
1104,0.0,1.0,0.0,150,180
1105,1.0,0.0,0.5,150,180
1106,1.0,0.0,1.0,150,180
1107,1.0,0.0,1.5,150,180
1108,1.0,0.0,2.0,150,180
1109,1.0,0.018036072144288578,2.5,150,180
1110,1.0,0.17835671342685372,3.0,150,180
1111,1.0,0.43286573146292584,3.5,150,180
1112,0.996,0.6513026052104208,4.0,150,180
1113,0.99,0.7915831663326653,4.5,150,180
1114,0.982,0.87374749498998,5.0,150,180
1115,0.966,0.9438877755511023,5.5,150,180
1116,0.926,0.9599198396793587,6.0,150,180
1117,0.904,0.9779559118236473,6.5,150,180
1118,0.866,0.9839679358717435,7.0,150,180
1119,0.83,0.9919839679358717,7.5,150,180
1120,0.0,1.0,0.0,0,200
1121,0.0,1.0,0.5,0,200
1122,0.0,1.0,1.0,0,200
1123,0.0,1.0,1.5,0,200
1124,0.0,1.0,2.0,0,200
1125,0.0,1.0,2.5,0,200
1126,0.0,1.0,3.0,0,200
1127,0.0,1.0,3.5,0,200
1128,0.0,1.0,4.0,0,200
1129,0.0,1.0,4.5,0,200
1130,0.0,1.0,5.0,0,200
1131,0.0,1.0,5.5,0,200
1132,0.0,1.0,6.0,0,200
1133,0.0,1.0,6.5,0,200
1134,0.0,1.0,7.0,0,200
1135,0.0,1.0,7.5,0,200
1136,0.0,1.0,0.0,25,200
1137,0.994,0.002004008016032064,0.5,25,200
1138,1.0,0.0,1.0,25,200
1139,1.0,0.0,1.5,25,200
1140,1.0,0.0,2.0,25,200
1141,0.872,0.05811623246492986,2.5,25,200
1142,0.566,0.3306613226452906,3.0,25,200
1143,0.318,0.6112224448897795,3.5,25,200
1144,0.224,0.7915831663326653,4.0,25,200
1145,0.146,0.87374749498998,4.5,25,200
1146,0.084,0.9318637274549099,5.0,25,200
1147,0.054,0.9519038076152304,5.5,25,200
1148,0.036,0.9759519038076152,6.0,25,200
1149,0.028,0.9839679358717435,6.5,25,200
1150,0.018,0.9899799599198397,7.0,25,200
1151,0.008,0.9979959919839679,7.5,25,200
1152,0.0,1.0,0.0,50,200
1153,1.0,0.0,0.5,50,200
1154,1.0,0.0,1.0,50,200
1155,1.0,0.0,1.5,50,200
1156,1.0,0.0,2.0,50,200
1157,1.0,0.014028056112224449,2.5,50,200
1158,0.99,0.17034068136272545,3.0,50,200
1159,0.93,0.4789579158316633,3.5,50,200
1160,0.762,0.6773547094188377,4.0,50,200
1161,0.55,0.8076152304609219,4.5,50,200
1162,0.4,0.8837675350701403,5.0,50,200
1163,0.31,0.9298597194388778,5.5,50,200
1164,0.246,0.9579158316633266,6.0,50,200
1165,0.174,0.9739478957915831,6.5,50,200
1166,0.112,0.9819639278557114,7.0,50,200
1167,0.08,0.9879759519038076,7.5,50,200
1168,0.0,1.0,0.0,75,200
1169,1.0,0.0,0.5,75,200
1170,1.0,0.0,1.0,75,200
1171,1.0,0.0,1.5,75,200
1172,1.0,0.0,2.0,75,200
1173,1.0,0.03006012024048096,2.5,75,200
1174,0.996,0.18837675350701402,3.0,75,200
1175,0.956,0.45691382765531063,3.5,75,200
1176,0.91,0.6813627254509018,4.0,75,200
1177,0.856,0.7915831663326653,4.5,75,200
1178,0.802,0.8777555110220441,5.0,75,200
1179,0.72,0.9258517034068137,5.5,75,200
1180,0.624,0.9619238476953907,6.0,75,200
1181,0.516,0.9739478957915831,6.5,75,200
1182,0.444,0.9799599198396793,7.0,75,200
1183,0.372,0.9879759519038076,7.5,75,200
1184,0.0,1.0,0.0,100,200
1185,1.0,0.0,0.5,100,200
1186,1.0,0.0,1.0,100,200
1187,1.0,0.0,1.5,100,200
1188,1.0,0.0,2.0,100,200
1189,1.0,0.03206412825651302,2.5,100,200
1190,1.0,0.18036072144288579,3.0,100,200
1191,0.998,0.4228456913827655,3.5,100,200
1192,0.986,0.625250501002004,4.0,100,200
1193,0.966,0.779559118236473,4.5,100,200
1194,0.932,0.8476953907815631,5.0,100,200
1195,0.884,0.8997995991983968,5.5,100,200
1196,0.844,0.9458917835671342,6.0,100,200
1197,0.796,0.9679358717434869,6.5,100,200
1198,0.74,0.9799599198396793,7.0,100,200
1199,0.716,0.9899799599198397,7.5,100,200
1200,0.0,1.0,0.0,125,200
1201,1.0,0.0,0.5,125,200
1202,1.0,0.0,1.0,125,200
1203,1.0,0.0,1.5,125,200
1204,1.0,0.0,2.0,125,200
1205,1.0,0.022044088176352707,2.5,125,200
1206,1.0,0.1843687374749499,3.0,125,200
1207,1.0,0.45490981963927857,3.5,125,200
1208,0.998,0.6412825651302605,4.0,125,200
1209,0.992,0.7715430861723447,4.5,125,200
1210,0.972,0.8537074148296593,5.0,125,200
1211,0.936,0.9018036072144289,5.5,125,200
1212,0.908,0.935871743486974,6.0,125,200
1213,0.868,0.9619238476953907,6.5,125,200
1214,0.816,0.9739478957915831,7.0,125,200
1215,0.764,0.9859719438877755,7.5,125,200
1216,0.0,1.0,0.0,150,200
1217,1.0,0.0,0.5,150,200
1218,1.0,0.0,1.0,150,200
1219,1.0,0.0,1.5,150,200
1220,1.0,0.0,2.0,150,200
1221,1.0,0.018036072144288578,2.5,150,200
1222,1.0,0.17835671342685372,3.0,150,200
1223,1.0,0.43286573146292584,3.5,150,200
1224,0.996,0.6513026052104208,4.0,150,200
1225,0.99,0.7915831663326653,4.5,150,200
1226,0.982,0.87374749498998,5.0,150,200
1227,0.966,0.9438877755511023,5.5,150,200
1228,0.926,0.9599198396793587,6.0,150,200
1229,0.904,0.9779559118236473,6.5,150,200
1230,0.866,0.9839679358717435,7.0,150,200
1231,0.83,0.9919839679358717,7.5,150,200
1232,0.0,1.0,0.0,0,220
1233,0.0,1.0,0.5,0,220
1234,0.0,1.0,1.0,0,220
1235,0.0,1.0,1.5,0,220
1236,0.0,1.0,2.0,0,220
1237,0.0,1.0,2.5,0,220
1238,0.0,1.0,3.0,0,220
1239,0.0,1.0,3.5,0,220
1240,0.0,1.0,4.0,0,220
1241,0.0,1.0,4.5,0,220
1242,0.0,1.0,5.0,0,220
1243,0.0,1.0,5.5,0,220
1244,0.0,1.0,6.0,0,220
1245,0.0,1.0,6.5,0,220
1246,0.0,1.0,7.0,0,220
1247,0.0,1.0,7.5,0,220
1248,0.0,1.0,0.0,25,220
1249,0.994,0.002004008016032064,0.5,25,220
1250,1.0,0.0,1.0,25,220
1251,1.0,0.0,1.5,25,220
1252,1.0,0.0,2.0,25,220
1253,0.872,0.05811623246492986,2.5,25,220
1254,0.566,0.3306613226452906,3.0,25,220
1255,0.318,0.6112224448897795,3.5,25,220
1256,0.224,0.7915831663326653,4.0,25,220
1257,0.146,0.87374749498998,4.5,25,220
1258,0.084,0.9318637274549099,5.0,25,220
1259,0.054,0.9519038076152304,5.5,25,220
1260,0.036,0.9759519038076152,6.0,25,220
1261,0.028,0.9839679358717435,6.5,25,220
1262,0.018,0.9899799599198397,7.0,25,220
1263,0.008,0.9979959919839679,7.5,25,220
1264,0.0,1.0,0.0,50,220
1265,1.0,0.0,0.5,50,220
1266,1.0,0.0,1.0,50,220
1267,1.0,0.0,1.5,50,220
1268,1.0,0.0,2.0,50,220
1269,1.0,0.014028056112224449,2.5,50,220
1270,0.99,0.17034068136272545,3.0,50,220
1271,0.93,0.4789579158316633,3.5,50,220
1272,0.762,0.6773547094188377,4.0,50,220
1273,0.55,0.8076152304609219,4.5,50,220
1274,0.4,0.8837675350701403,5.0,50,220
1275,0.31,0.9298597194388778,5.5,50,220
1276,0.246,0.9579158316633266,6.0,50,220
1277,0.174,0.9739478957915831,6.5,50,220
1278,0.112,0.9819639278557114,7.0,50,220
1279,0.08,0.9879759519038076,7.5,50,220
1280,0.0,1.0,0.0,75,220
1281,1.0,0.0,0.5,75,220
1282,1.0,0.0,1.0,75,220
1283,1.0,0.0,1.5,75,220
1284,1.0,0.0,2.0,75,220
1285,1.0,0.03006012024048096,2.5,75,220
1286,0.996,0.18837675350701402,3.0,75,220
1287,0.956,0.45691382765531063,3.5,75,220
1288,0.91,0.6813627254509018,4.0,75,220
1289,0.856,0.7915831663326653,4.5,75,220
1290,0.802,0.8777555110220441,5.0,75,220
1291,0.72,0.9258517034068137,5.5,75,220
1292,0.624,0.9619238476953907,6.0,75,220
1293,0.516,0.9739478957915831,6.5,75,220
1294,0.444,0.9799599198396793,7.0,75,220
1295,0.372,0.9879759519038076,7.5,75,220
1296,0.0,1.0,0.0,100,220
1297,1.0,0.0,0.5,100,220
1298,1.0,0.0,1.0,100,220
1299,1.0,0.0,1.5,100,220
1300,1.0,0.0,2.0,100,220
1301,1.0,0.03206412825651302,2.5,100,220
1302,1.0,0.18036072144288579,3.0,100,220
1303,0.998,0.4228456913827655,3.5,100,220
1304,0.986,0.625250501002004,4.0,100,220
1305,0.966,0.779559118236473,4.5,100,220
1306,0.932,0.8476953907815631,5.0,100,220
1307,0.884,0.8997995991983968,5.5,100,220
1308,0.844,0.9458917835671342,6.0,100,220
1309,0.796,0.9679358717434869,6.5,100,220
1310,0.74,0.9799599198396793,7.0,100,220
1311,0.716,0.9899799599198397,7.5,100,220
1312,0.0,1.0,0.0,125,220
1313,1.0,0.0,0.5,125,220
1314,1.0,0.0,1.0,125,220
1315,1.0,0.0,1.5,125,220
1316,1.0,0.0,2.0,125,220
1317,1.0,0.022044088176352707,2.5,125,220
1318,1.0,0.1843687374749499,3.0,125,220
1319,1.0,0.45490981963927857,3.5,125,220
1320,0.998,0.6412825651302605,4.0,125,220
1321,0.992,0.7715430861723447,4.5,125,220
1322,0.972,0.8537074148296593,5.0,125,220
1323,0.936,0.9018036072144289,5.5,125,220
1324,0.908,0.935871743486974,6.0,125,220
1325,0.868,0.9619238476953907,6.5,125,220
1326,0.816,0.9739478957915831,7.0,125,220
1327,0.764,0.9859719438877755,7.5,125,220
1328,0.0,1.0,0.0,150,220
1329,1.0,0.0,0.5,150,220
1330,1.0,0.0,1.0,150,220
1331,1.0,0.0,1.5,150,220
1332,1.0,0.0,2.0,150,220
1333,1.0,0.018036072144288578,2.5,150,220
1334,1.0,0.17835671342685372,3.0,150,220
1335,1.0,0.43286573146292584,3.5,150,220
1336,0.996,0.6513026052104208,4.0,150,220
1337,0.99,0.7915831663326653,4.5,150,220
1338,0.982,0.87374749498998,5.0,150,220
1339,0.966,0.9438877755511023,5.5,150,220
1340,0.926,0.9599198396793587,6.0,150,220
1341,0.904,0.9779559118236473,6.5,150,220
1342,0.866,0.9839679358717435,7.0,150,220
1343,0.83,0.9919839679358717,7.5,150,220
1344,0.0,1.0,0.0,0,240
1345,0.0,1.0,0.5,0,240
1346,0.0,1.0,1.0,0,240
1347,0.0,1.0,1.5,0,240
1348,0.0,1.0,2.0,0,240
1349,0.0,1.0,2.5,0,240
1350,0.0,1.0,3.0,0,240
1351,0.0,1.0,3.5,0,240
1352,0.0,1.0,4.0,0,240
1353,0.0,1.0,4.5,0,240
1354,0.0,1.0,5.0,0,240
1355,0.0,1.0,5.5,0,240
1356,0.0,1.0,6.0,0,240
1357,0.0,1.0,6.5,0,240
1358,0.0,1.0,7.0,0,240
1359,0.0,1.0,7.5,0,240
1360,0.0,1.0,0.0,25,240
1361,0.994,0.002004008016032064,0.5,25,240
1362,1.0,0.0,1.0,25,240
1363,1.0,0.0,1.5,25,240
1364,1.0,0.0,2.0,25,240
1365,0.872,0.05811623246492986,2.5,25,240
1366,0.566,0.3306613226452906,3.0,25,240
1367,0.318,0.6112224448897795,3.5,25,240
1368,0.224,0.7915831663326653,4.0,25,240
1369,0.146,0.87374749498998,4.5,25,240
1370,0.084,0.9318637274549099,5.0,25,240
1371,0.054,0.9519038076152304,5.5,25,240
1372,0.036,0.9759519038076152,6.0,25,240
1373,0.028,0.9839679358717435,6.5,25,240
1374,0.018,0.9899799599198397,7.0,25,240
1375,0.008,0.9979959919839679,7.5,25,240
1376,0.0,1.0,0.0,50,240
1377,1.0,0.0,0.5,50,240
1378,1.0,0.0,1.0,50,240
1379,1.0,0.0,1.5,50,240
1380,1.0,0.0,2.0,50,240
1381,1.0,0.014028056112224449,2.5,50,240
1382,0.99,0.17034068136272545,3.0,50,240
1383,0.93,0.4789579158316633,3.5,50,240
1384,0.762,0.6773547094188377,4.0,50,240
1385,0.55,0.8076152304609219,4.5,50,240
1386,0.4,0.8837675350701403,5.0,50,240
1387,0.31,0.9298597194388778,5.5,50,240
1388,0.246,0.9579158316633266,6.0,50,240
1389,0.174,0.9739478957915831,6.5,50,240
1390,0.112,0.9819639278557114,7.0,50,240
1391,0.08,0.9879759519038076,7.5,50,240
1392,0.0,1.0,0.0,75,240
1393,1.0,0.0,0.5,75,240
1394,1.0,0.0,1.0,75,240
1395,1.0,0.0,1.5,75,240
1396,1.0,0.0,2.0,75,240
1397,1.0,0.03006012024048096,2.5,75,240
1398,0.996,0.18837675350701402,3.0,75,240
1399,0.956,0.45691382765531063,3.5,75,240
1400,0.91,0.6813627254509018,4.0,75,240
1401,0.856,0.7915831663326653,4.5,75,240
1402,0.802,0.8777555110220441,5.0,75,240
1403,0.72,0.9258517034068137,5.5,75,240
1404,0.624,0.9619238476953907,6.0,75,240
1405,0.516,0.9739478957915831,6.5,75,240
1406,0.444,0.9799599198396793,7.0,75,240
1407,0.372,0.9879759519038076,7.5,75,240
1408,0.0,1.0,0.0,100,240
1409,1.0,0.0,0.5,100,240
1410,1.0,0.0,1.0,100,240
1411,1.0,0.0,1.5,100,240
1412,1.0,0.0,2.0,100,240
1413,1.0,0.03206412825651302,2.5,100,240
1414,1.0,0.18036072144288579,3.0,100,240
1415,0.998,0.4228456913827655,3.5,100,240
1416,0.986,0.625250501002004,4.0,100,240
1417,0.966,0.779559118236473,4.5,100,240
1418,0.932,0.8476953907815631,5.0,100,240
1419,0.884,0.8997995991983968,5.5,100,240
1420,0.844,0.9458917835671342,6.0,100,240
1421,0.796,0.9679358717434869,6.5,100,240
1422,0.74,0.9799599198396793,7.0,100,240
1423,0.716,0.9899799599198397,7.5,100,240
1424,0.0,1.0,0.0,125,240
1425,1.0,0.0,0.5,125,240
1426,1.0,0.0,1.0,125,240
1427,1.0,0.0,1.5,125,240
1428,1.0,0.0,2.0,125,240
1429,1.0,0.022044088176352707,2.5,125,240
1430,1.0,0.1843687374749499,3.0,125,240
1431,1.0,0.45490981963927857,3.5,125,240
1432,0.998,0.6412825651302605,4.0,125,240
1433,0.992,0.7715430861723447,4.5,125,240
1434,0.972,0.8537074148296593,5.0,125,240
1435,0.936,0.9018036072144289,5.5,125,240
1436,0.908,0.935871743486974,6.0,125,240
1437,0.868,0.9619238476953907,6.5,125,240
1438,0.816,0.9739478957915831,7.0,125,240
1439,0.764,0.9859719438877755,7.5,125,240
1440,0.0,1.0,0.0,150,240
1441,1.0,0.0,0.5,150,240
1442,1.0,0.0,1.0,150,240
1443,1.0,0.0,1.5,150,240
1444,1.0,0.0,2.0,150,240
1445,1.0,0.018036072144288578,2.5,150,240
1446,1.0,0.17835671342685372,3.0,150,240
1447,1.0,0.43286573146292584,3.5,150,240
1448,0.996,0.6513026052104208,4.0,150,240
1449,0.99,0.7915831663326653,4.5,150,240
1450,0.982,0.87374749498998,5.0,150,240
1451,0.966,0.9438877755511023,5.5,150,240
1452,0.926,0.9599198396793587,6.0,150,240
1453,0.904,0.9779559118236473,6.5,150,240
1454,0.866,0.9839679358717435,7.0,150,240
1455,0.83,0.9919839679358717,7.5,150,240
1456,0.0,1.0,0.0,0,260
1457,0.0,1.0,0.5,0,260
1458,0.0,1.0,1.0,0,260
1459,0.0,1.0,1.5,0,260
1460,0.0,1.0,2.0,0,260
1461,0.0,1.0,2.5,0,260
1462,0.0,1.0,3.0,0,260
1463,0.0,1.0,3.5,0,260
1464,0.0,1.0,4.0,0,260
1465,0.0,1.0,4.5,0,260
1466,0.0,1.0,5.0,0,260
1467,0.0,1.0,5.5,0,260
1468,0.0,1.0,6.0,0,260
1469,0.0,1.0,6.5,0,260
1470,0.0,1.0,7.0,0,260
1471,0.0,1.0,7.5,0,260
1472,0.0,1.0,0.0,25,260
1473,0.994,0.002004008016032064,0.5,25,260
1474,1.0,0.0,1.0,25,260
1475,1.0,0.0,1.5,25,260
1476,1.0,0.0,2.0,25,260
1477,0.872,0.05811623246492986,2.5,25,260
1478,0.566,0.3306613226452906,3.0,25,260
1479,0.318,0.6112224448897795,3.5,25,260
1480,0.224,0.7915831663326653,4.0,25,260
1481,0.146,0.87374749498998,4.5,25,260
1482,0.084,0.9318637274549099,5.0,25,260
1483,0.054,0.9519038076152304,5.5,25,260
1484,0.036,0.9759519038076152,6.0,25,260
1485,0.028,0.9839679358717435,6.5,25,260
1486,0.018,0.9899799599198397,7.0,25,260
1487,0.008,0.9979959919839679,7.5,25,260
1488,0.0,1.0,0.0,50,260
1489,1.0,0.0,0.5,50,260
1490,1.0,0.0,1.0,50,260
1491,1.0,0.0,1.5,50,260
1492,1.0,0.0,2.0,50,260
1493,1.0,0.014028056112224449,2.5,50,260
1494,0.99,0.17034068136272545,3.0,50,260
1495,0.93,0.4789579158316633,3.5,50,260
1496,0.762,0.6773547094188377,4.0,50,260
1497,0.55,0.8076152304609219,4.5,50,260
1498,0.4,0.8837675350701403,5.0,50,260
1499,0.31,0.9298597194388778,5.5,50,260
1500,0.246,0.9579158316633266,6.0,50,260
1501,0.174,0.9739478957915831,6.5,50,260
1502,0.112,0.9819639278557114,7.0,50,260
1503,0.08,0.9879759519038076,7.5,50,260
1504,0.0,1.0,0.0,75,260
1505,1.0,0.0,0.5,75,260
1506,1.0,0.0,1.0,75,260
1507,1.0,0.0,1.5,75,260
1508,1.0,0.0,2.0,75,260
1509,1.0,0.03006012024048096,2.5,75,260
1510,0.996,0.18837675350701402,3.0,75,260
1511,0.956,0.45691382765531063,3.5,75,260
1512,0.91,0.6813627254509018,4.0,75,260
1513,0.856,0.7915831663326653,4.5,75,260
1514,0.802,0.8777555110220441,5.0,75,260
1515,0.72,0.9258517034068137,5.5,75,260
1516,0.624,0.9619238476953907,6.0,75,260
1517,0.516,0.9739478957915831,6.5,75,260
1518,0.444,0.9799599198396793,7.0,75,260
1519,0.372,0.9879759519038076,7.5,75,260
1520,0.0,1.0,0.0,100,260
1521,1.0,0.0,0.5,100,260
1522,1.0,0.0,1.0,100,260
1523,1.0,0.0,1.5,100,260
1524,1.0,0.0,2.0,100,260
1525,1.0,0.03206412825651302,2.5,100,260
1526,1.0,0.18036072144288579,3.0,100,260
1527,0.998,0.4228456913827655,3.5,100,260
1528,0.986,0.625250501002004,4.0,100,260
1529,0.966,0.779559118236473,4.5,100,260
1530,0.932,0.8476953907815631,5.0,100,260
1531,0.884,0.8997995991983968,5.5,100,260
1532,0.844,0.9458917835671342,6.0,100,260
1533,0.796,0.9679358717434869,6.5,100,260
1534,0.74,0.9799599198396793,7.0,100,260
1535,0.716,0.9899799599198397,7.5,100,260
1536,0.0,1.0,0.0,125,260
1537,1.0,0.0,0.5,125,260
1538,1.0,0.0,1.0,125,260
1539,1.0,0.0,1.5,125,260
1540,1.0,0.0,2.0,125,260
1541,1.0,0.022044088176352707,2.5,125,260
1542,1.0,0.1843687374749499,3.0,125,260
1543,1.0,0.45490981963927857,3.5,125,260
1544,0.998,0.6412825651302605,4.0,125,260
1545,0.992,0.7715430861723447,4.5,125,260
1546,0.972,0.8537074148296593,5.0,125,260
1547,0.936,0.9018036072144289,5.5,125,260
1548,0.908,0.935871743486974,6.0,125,260
1549,0.868,0.9619238476953907,6.5,125,260
1550,0.816,0.9739478957915831,7.0,125,260
1551,0.764,0.9859719438877755,7.5,125,260
1552,0.0,1.0,0.0,150,260
1553,1.0,0.0,0.5,150,260
1554,1.0,0.0,1.0,150,260
1555,1.0,0.0,1.5,150,260
1556,1.0,0.0,2.0,150,260
1557,1.0,0.018036072144288578,2.5,150,260
1558,1.0,0.17835671342685372,3.0,150,260
1559,1.0,0.43286573146292584,3.5,150,260
1560,0.996,0.6513026052104208,4.0,150,260
1561,0.99,0.7915831663326653,4.5,150,260
1562,0.982,0.87374749498998,5.0,150,260
1563,0.966,0.9438877755511023,5.5,150,260
1564,0.926,0.9599198396793587,6.0,150,260
1565,0.904,0.9779559118236473,6.5,150,260
1566,0.866,0.9839679358717435,7.0,150,260
1567,0.83,0.9919839679358717,7.5,150,260
1568,0.0,1.0,0.0,0,280
1569,0.0,1.0,0.5,0,280
1570,0.0,1.0,1.0,0,280
1571,0.0,1.0,1.5,0,280
1572,0.0,1.0,2.0,0,280
1573,0.0,1.0,2.5,0,280
1574,0.0,1.0,3.0,0,280
1575,0.0,1.0,3.5,0,280
1576,0.0,1.0,4.0,0,280
1577,0.0,1.0,4.5,0,280
1578,0.0,1.0,5.0,0,280
1579,0.0,1.0,5.5,0,280
1580,0.0,1.0,6.0,0,280
1581,0.0,1.0,6.5,0,280
1582,0.0,1.0,7.0,0,280
1583,0.0,1.0,7.5,0,280
1584,0.0,1.0,0.0,25,280
1585,0.994,0.002004008016032064,0.5,25,280
1586,1.0,0.0,1.0,25,280
1587,1.0,0.0,1.5,25,280
1588,1.0,0.0,2.0,25,280
1589,0.872,0.05811623246492986,2.5,25,280
1590,0.566,0.3306613226452906,3.0,25,280
1591,0.318,0.6112224448897795,3.5,25,280
1592,0.224,0.7915831663326653,4.0,25,280
1593,0.146,0.87374749498998,4.5,25,280
1594,0.084,0.9318637274549099,5.0,25,280
1595,0.054,0.9519038076152304,5.5,25,280
1596,0.036,0.9759519038076152,6.0,25,280
1597,0.028,0.9839679358717435,6.5,25,280
1598,0.018,0.9899799599198397,7.0,25,280
1599,0.008,0.9979959919839679,7.5,25,280
1600,0.0,1.0,0.0,50,280
1601,1.0,0.0,0.5,50,280
1602,1.0,0.0,1.0,50,280
1603,1.0,0.0,1.5,50,280
1604,1.0,0.0,2.0,50,280
1605,1.0,0.014028056112224449,2.5,50,280
1606,0.99,0.17034068136272545,3.0,50,280
1607,0.93,0.4789579158316633,3.5,50,280
1608,0.762,0.6773547094188377,4.0,50,280
1609,0.55,0.8076152304609219,4.5,50,280
1610,0.4,0.8837675350701403,5.0,50,280
1611,0.31,0.9298597194388778,5.5,50,280
1612,0.246,0.9579158316633266,6.0,50,280
1613,0.174,0.9739478957915831,6.5,50,280
1614,0.112,0.9819639278557114,7.0,50,280
1615,0.08,0.9879759519038076,7.5,50,280
1616,0.0,1.0,0.0,75,280
1617,1.0,0.0,0.5,75,280
1618,1.0,0.0,1.0,75,280
1619,1.0,0.0,1.5,75,280
1620,1.0,0.0,2.0,75,280
1621,1.0,0.03006012024048096,2.5,75,280
1622,0.996,0.18837675350701402,3.0,75,280
1623,0.956,0.45691382765531063,3.5,75,280
1624,0.91,0.6813627254509018,4.0,75,280
1625,0.856,0.7915831663326653,4.5,75,280
1626,0.802,0.8777555110220441,5.0,75,280
1627,0.72,0.9258517034068137,5.5,75,280
1628,0.624,0.9619238476953907,6.0,75,280
1629,0.516,0.9739478957915831,6.5,75,280
1630,0.444,0.9799599198396793,7.0,75,280
1631,0.372,0.9879759519038076,7.5,75,280
1632,0.0,1.0,0.0,100,280
1633,1.0,0.0,0.5,100,280
1634,1.0,0.0,1.0,100,280
1635,1.0,0.0,1.5,100,280
1636,1.0,0.0,2.0,100,280
1637,1.0,0.03206412825651302,2.5,100,280
1638,1.0,0.18036072144288579,3.0,100,280
1639,0.998,0.4228456913827655,3.5,100,280
1640,0.986,0.625250501002004,4.0,100,280
1641,0.966,0.779559118236473,4.5,100,280
1642,0.932,0.8476953907815631,5.0,100,280
1643,0.884,0.8997995991983968,5.5,100,280
1644,0.844,0.9458917835671342,6.0,100,280
1645,0.796,0.9679358717434869,6.5,100,280
1646,0.74,0.9799599198396793,7.0,100,280
1647,0.716,0.9899799599198397,7.5,100,280
1648,0.0,1.0,0.0,125,280
1649,1.0,0.0,0.5,125,280
1650,1.0,0.0,1.0,125,280
1651,1.0,0.0,1.5,125,280
1652,1.0,0.0,2.0,125,280
1653,1.0,0.022044088176352707,2.5,125,280
1654,1.0,0.1843687374749499,3.0,125,280
1655,1.0,0.45490981963927857,3.5,125,280
1656,0.998,0.6412825651302605,4.0,125,280
1657,0.992,0.7715430861723447,4.5,125,280
1658,0.972,0.8537074148296593,5.0,125,280
1659,0.936,0.9018036072144289,5.5,125,280
1660,0.908,0.935871743486974,6.0,125,280
1661,0.868,0.9619238476953907,6.5,125,280
1662,0.816,0.9739478957915831,7.0,125,280
1663,0.764,0.9859719438877755,7.5,125,280
1664,0.0,1.0,0.0,150,280
1665,1.0,0.0,0.5,150,280
1666,1.0,0.0,1.0,150,280
1667,1.0,0.0,1.5,150,280
1668,1.0,0.0,2.0,150,280
1669,1.0,0.018036072144288578,2.5,150,280
1670,1.0,0.17835671342685372,3.0,150,280
1671,1.0,0.43286573146292584,3.5,150,280
1672,0.996,0.6513026052104208,4.0,150,280
1673,0.99,0.7915831663326653,4.5,150,280
1674,0.982,0.87374749498998,5.0,150,280
1675,0.966,0.9438877755511023,5.5,150,280
1676,0.926,0.9599198396793587,6.0,150,280
1677,0.904,0.9779559118236473,6.5,150,280
1678,0.866,0.9839679358717435,7.0,150,280
1679,0.83,0.9919839679358717,7.5,150,280
1680,0.0,1.0,0.0,0,300
1681,0.0,1.0,0.5,0,300
1682,0.0,1.0,1.0,0,300
1683,0.0,1.0,1.5,0,300
1684,0.0,1.0,2.0,0,300
1685,0.0,1.0,2.5,0,300
1686,0.0,1.0,3.0,0,300
1687,0.0,1.0,3.5,0,300
1688,0.0,1.0,4.0,0,300
1689,0.0,1.0,4.5,0,300
1690,0.0,1.0,5.0,0,300
1691,0.0,1.0,5.5,0,300
1692,0.0,1.0,6.0,0,300
1693,0.0,1.0,6.5,0,300
1694,0.0,1.0,7.0,0,300
1695,0.0,1.0,7.5,0,300
1696,0.0,1.0,0.0,25,300
1697,0.994,0.002004008016032064,0.5,25,300
1698,1.0,0.0,1.0,25,300
1699,1.0,0.0,1.5,25,300
1700,1.0,0.0,2.0,25,300
1701,0.872,0.05811623246492986,2.5,25,300
1702,0.566,0.3306613226452906,3.0,25,300
1703,0.318,0.6112224448897795,3.5,25,300
1704,0.224,0.7915831663326653,4.0,25,300
1705,0.146,0.87374749498998,4.5,25,300
1706,0.084,0.9318637274549099,5.0,25,300
1707,0.054,0.9519038076152304,5.5,25,300
1708,0.036,0.9759519038076152,6.0,25,300
1709,0.028,0.9839679358717435,6.5,25,300
1710,0.018,0.9899799599198397,7.0,25,300
1711,0.008,0.9979959919839679,7.5,25,300
1712,0.0,1.0,0.0,50,300
1713,1.0,0.0,0.5,50,300
1714,1.0,0.0,1.0,50,300
1715,1.0,0.0,1.5,50,300
1716,1.0,0.0,2.0,50,300
1717,1.0,0.014028056112224449,2.5,50,300
1718,0.99,0.17034068136272545,3.0,50,300
1719,0.93,0.4789579158316633,3.5,50,300
1720,0.762,0.6773547094188377,4.0,50,300
1721,0.55,0.8076152304609219,4.5,50,300
1722,0.4,0.8837675350701403,5.0,50,300
1723,0.31,0.9298597194388778,5.5,50,300
1724,0.246,0.9579158316633266,6.0,50,300
1725,0.174,0.9739478957915831,6.5,50,300
1726,0.112,0.9819639278557114,7.0,50,300
1727,0.08,0.9879759519038076,7.5,50,300
1728,0.0,1.0,0.0,75,300
1729,1.0,0.0,0.5,75,300
1730,1.0,0.0,1.0,75,300
1731,1.0,0.0,1.5,75,300
1732,1.0,0.0,2.0,75,300
1733,1.0,0.03006012024048096,2.5,75,300
1734,0.996,0.18837675350701402,3.0,75,300
1735,0.956,0.45691382765531063,3.5,75,300
1736,0.91,0.6813627254509018,4.0,75,300
1737,0.856,0.7915831663326653,4.5,75,300
1738,0.802,0.8777555110220441,5.0,75,300
1739,0.72,0.9258517034068137,5.5,75,300
1740,0.624,0.9619238476953907,6.0,75,300
1741,0.516,0.9739478957915831,6.5,75,300
1742,0.444,0.9799599198396793,7.0,75,300
1743,0.372,0.9879759519038076,7.5,75,300
1744,0.0,1.0,0.0,100,300
1745,1.0,0.0,0.5,100,300
1746,1.0,0.0,1.0,100,300
1747,1.0,0.0,1.5,100,300
1748,1.0,0.0,2.0,100,300
1749,1.0,0.03206412825651302,2.5,100,300
1750,1.0,0.18036072144288579,3.0,100,300
1751,0.998,0.4228456913827655,3.5,100,300
1752,0.986,0.625250501002004,4.0,100,300
1753,0.966,0.779559118236473,4.5,100,300
1754,0.932,0.8476953907815631,5.0,100,300
1755,0.884,0.8997995991983968,5.5,100,300
1756,0.844,0.9458917835671342,6.0,100,300
1757,0.796,0.9679358717434869,6.5,100,300
1758,0.74,0.9799599198396793,7.0,100,300
1759,0.716,0.9899799599198397,7.5,100,300
1760,0.0,1.0,0.0,125,300
1761,1.0,0.0,0.5,125,300
1762,1.0,0.0,1.0,125,300
1763,1.0,0.0,1.5,125,300
1764,1.0,0.0,2.0,125,300
1765,1.0,0.022044088176352707,2.5,125,300
1766,1.0,0.1843687374749499,3.0,125,300
1767,1.0,0.45490981963927857,3.5,125,300
1768,0.998,0.6412825651302605,4.0,125,300
1769,0.992,0.7715430861723447,4.5,125,300
1770,0.972,0.8537074148296593,5.0,125,300
1771,0.936,0.9018036072144289,5.5,125,300
1772,0.908,0.935871743486974,6.0,125,300
1773,0.868,0.9619238476953907,6.5,125,300
1774,0.816,0.9739478957915831,7.0,125,300
1775,0.764,0.9859719438877755,7.5,125,300
1776,0.0,1.0,0.0,150,300
1777,1.0,0.0,0.5,150,300
1778,1.0,0.0,1.0,150,300
1779,1.0,0.0,1.5,150,300
1780,1.0,0.0,2.0,150,300
1781,1.0,0.018036072144288578,2.5,150,300
1782,1.0,0.17835671342685372,3.0,150,300
1783,1.0,0.43286573146292584,3.5,150,300
1784,0.996,0.6513026052104208,4.0,150,300
1785,0.99,0.7915831663326653,4.5,150,300
1786,0.982,0.87374749498998,5.0,150,300
1787,0.966,0.9438877755511023,5.5,150,300
1788,0.926,0.9599198396793587,6.0,150,300
1789,0.904,0.9779559118236473,6.5,150,300
1790,0.866,0.9839679358717435,7.0,150,300
1791,0.83,0.9919839679358717,7.5,150,300
