,sensitivity,specificity,inv_frac,delay_samples,window_width
0,0.0,1.0,0.0,0,20
1,0.0,1.0,0.5,0,20
2,0.0,1.0,1.0,0,20
3,0.0,1.0,1.5,0,20
4,0.0,1.0,2.0,0,20
5,0.0,1.0,2.5,0,20
6,0.0,1.0,3.0,0,20
7,0.0,1.0,3.5,0,20
8,0.0,1.0,4.0,0,20
9,0.0,1.0,4.5,0,20
10,0.0,1.0,5.0,0,20
11,0.0,1.0,5.5,0,20
12,0.0,1.0,6.0,0,20
13,0.0,1.0,6.5,0,20
14,0.0,1.0,7.0,0,20
15,0.0,1.0,7.5,0,20
16,0.0,1.0,8.0,0,20
17,0.0,1.0,0.0,25,20
18,1.0,0.0,0.5,25,20
19,1.0,0.0,1.0,25,20
20,1.0,0.0,1.5,25,20
21,1.0,0.0,2.0,25,20
22,1.0,0.0,2.5,25,20
23,0.978,0.0,3.0,25,20
24,0.902,0.002004008016032064,3.5,25,20
25,0.74,0.026052104208416832,4.0,25,20
26,0.568,0.07014028056112225,4.5,25,20
27,0.43,0.12224448897795591,5.0,25,20
28,0.316,0.20440881763527055,5.5,25,20
29,0.25,0.2665330661322645,6.0,25,20
30,0.178,0.3366733466933868,6.5,25,20
31,0.124,0.39879759519038077,7.0,25,20
32,0.094,0.46893787575150303,7.5,25,20
33,0.066,0.5130260521042084,8.0,25,20
34,0.0,1.0,0.0,50,20
35,1.0,0.0,0.5,50,20
36,1.0,0.0,1.0,50,20
37,1.0,0.0,1.5,50,20
38,1.0,0.0,2.0,50,20
39,1.0,0.0,2.5,50,20
40,1.0,0.0,3.0,50,20
41,0.988,0.006012024048096192,3.5,50,20
42,0.944,0.026052104208416832,4.0,50,20
43,0.866,0.06212424849699399,4.5,50,20
44,0.744,0.1402805611222445,5.0,50,20
45,0.602,0.20240480961923848,5.5,50,20
46,0.486,0.26452905811623245,6.0,50,20
47,0.4,0.3306613226452906,6.5,50,20
48,0.332,0.4188376753507014,7.0,50,20
49,0.282,0.501002004008016,7.5,50,20
50,0.226,0.56312625250501,8.0,50,20
51,0.0,1.0,0.0,75,20
52,1.0,0.0,0.5,75,20
53,1.0,0.0,1.0,75,20
54,1.0,0.0,1.5,75,20
55,1.0,0.0,2.0,75,20
56,1.0,0.0,2.5,75,20
57,1.0,0.002004008016032064,3.0,75,20
58,0.998,0.018036072144288578,3.5,75,20
59,0.982,0.050100200400801605,4.0,75,20
60,0.938,0.08817635270541083,4.5,75,20
61,0.902,0.14428857715430862,5.0,75,20
62,0.85,0.21643286573146292,5.5,75,20
63,0.784,0.2865731462925852,6.0,75,20
64,0.706,0.3527054108216433,6.5,75,20
65,0.63,0.40681362725450904,7.0,75,20
66,0.558,0.4749498997995992,7.5,75,20
67,0.49,0.5571142284569138,8.0,75,20
68,0.0,1.0,0.0,100,20
69,1.0,0.0,0.5,100,20
70,1.0,0.0,1.0,100,20
71,1.0,0.0,1.5,100,20
72,1.0,0.0,2.0,100,20
73,1.0,0.0,2.5,100,20
74,1.0,0.0,3.0,100,20
75,1.0,0.01603206412825651,3.5,100,20
76,1.0,0.03807615230460922,4.0,100,20
77,0.99,0.09018036072144289,4.5,100,20
78,0.984,0.15430861723446893,5.0,100,20
79,0.948,0.218436873747495,5.5,100,20
80,0.924,0.2785571142284569,6.0,100,20
81,0.89,0.35070140280561124,6.5,100,20
82,0.852,0.4228456913827655,7.0,100,20
83,0.802,0.49298597194388777,7.5,100,20
84,0.756,0.5551102204408818,8.0,100,20
85,0.0,1.0,0.0,125,20
86,1.0,0.0,0.5,125,20
87,1.0,0.0,1.0,125,20
88,1.0,0.0,1.5,125,20
89,1.0,0.0,2.0,125,20
90,1.0,0.0,2.5,125,20
91,1.0,0.002004008016032064,3.0,125,20
92,1.0,0.008016032064128256,3.5,125,20
93,1.0,0.03406813627254509,4.0,125,20
94,0.994,0.0781563126252505,4.5,125,20
95,0.992,0.13827655310621242,5.0,125,20
96,0.982,0.20440881763527055,5.5,125,20
97,0.962,0.25851703406813625,6.0,125,20
98,0.932,0.34468937875751504,6.5,125,20
99,0.908,0.4028056112224449,7.0,125,20
100,0.886,0.46693386773547096,7.5,125,20
101,0.838,0.5130260521042084,8.0,125,20
102,0.0,1.0,0.0,150,20
103,1.0,0.0,0.5,150,20
104,1.0,0.0,1.0,150,20
105,1.0,0.0,1.5,150,20
106,1.0,0.0,2.0,150,20
107,1.0,0.0,2.5,150,20
108,1.0,0.0,3.0,150,20
109,1.0,0.008016032064128256,3.5,150,20
110,1.0,0.03206412825651302,4.0,150,20
111,0.994,0.06613226452905811,4.5,150,20
112,0.99,0.11823647294589178,5.0,150,20
113,0.984,0.20841683366733466,5.5,150,20
114,0.976,0.26452905811623245,6.0,150,20
115,0.962,0.3346693386773547,6.5,150,20
116,0.95,0.39879759519038077,7.0,150,20
117,0.91,0.47695390781563124,7.5,150,20
118,0.882,0.5531062124248497,8.0,150,20
119,0.0,1.0,0.0,0,40
120,0.0,1.0,0.5,0,40
121,0.0,1.0,1.0,0,40
122,0.0,1.0,1.5,0,40
123,0.0,1.0,2.0,0,40
124,0.0,1.0,2.5,0,40
125,0.0,1.0,3.0,0,40
126,0.0,1.0,3.5,0,40
127,0.0,1.0,4.0,0,40
128,0.0,1.0,4.5,0,40
129,0.0,1.0,5.0,0,40
130,0.0,1.0,5.5,0,40
131,0.0,1.0,6.0,0,40
132,0.0,1.0,6.5,0,40
133,0.0,1.0,7.0,0,40
134,0.0,1.0,7.5,0,40
135,0.0,1.0,8.0,0,40
136,0.0,1.0,0.0,25,40
137,0.844,0.07414829659318638,0.5,25,40
138,1.0,0.0,1.0,25,40
139,1.0,0.0,1.5,25,40
140,0.988,0.06012024048096192,2.0,25,40
141,0.538,0.45090180360721444,2.5,25,40
142,0.282,0.7555110220440882,3.0,25,40
143,0.158,0.8717434869739479,3.5,25,40
144,0.072,0.9458917835671342,4.0,25,40
145,0.042,0.9659318637274549,4.5,25,40
146,0.022,0.9859719438877755,5.0,25,40
147,0.014,0.9919839679358717,5.5,25,40
148,0.008,0.9939879759519038,6.0,25,40
149,0.006,0.9939879759519038,6.5,25,40
150,0.004,0.9959919839679359,7.0,25,40
151,0.004,0.9979959919839679,7.5,25,40
152,0.002,1.0,8.0,25,40
153,0.0,1.0,0.0,50,40
154,0.998,0.002004008016032064,0.5,50,40
155,1.0,0.0,1.0,50,40
156,1.0,0.0,1.5,50,40
157,1.0,0.002004008016032064,2.0,50,40
158,1.0,0.1062124248496994,2.5,50,40
159,0.976,0.37074148296593185,3.0,50,40
160,0.866,0.5831663326653307,3.5,50,40
161,0.612,0.7394789579158316,4.0,50,40
162,0.416,0.843687374749499,4.5,50,40
163,0.286,0.8997995991983968,5.0,50,40
164,0.212,0.9278557114228457,5.5,50,40
165,0.16,0.9539078156312625,6.0,50,40
166,0.122,0.9719438877755511,6.5,50,40
167,0.082,0.9819639278557114,7.0,50,40
168,0.058,0.9879759519038076,7.5,50,40
169,0.04,0.9899799599198397,8.0,50,40
170,0.0,1.0,0.0,75,40
171,1.0,0.0,0.5,75,40
172,1.0,0.0,1.0,75,40
173,1.0,0.0,1.5,75,40
174,1.0,0.01002004008016032,2.0,75,40
175,1.0,0.11823647294589178,2.5,75,40
176,0.978,0.3907815631262525,3.0,75,40
177,0.932,0.6012024048096193,3.5,75,40
178,0.87,0.7454909819639278,4.0,75,40
179,0.808,0.8557114228456913,4.5,75,40
180,0.734,0.9038076152304609,5.0,75,40
181,0.63,0.9298597194388778,5.5,75,40
182,0.498,0.9579158316633266,6.0,75,40
183,0.406,0.9759519038076152,6.5,75,40
184,0.334,0.9839679358717435,7.0,75,40
185,0.282,0.9879759519038076,7.5,75,40
186,0.218,0.9899799599198397,8.0,75,40
187,0.0,1.0,0.0,100,40
188,1.0,0.004008016032064128,0.5,100,40
189,1.0,0.0,1.0,100,40
190,1.0,0.0,1.5,100,40
191,1.0,0.0,2.0,100,40
192,1.0,0.13627254509018036,2.5,100,40
193,1.0,0.36072144288577157,3.0,100,40
194,0.998,0.6032064128256514,3.5,100,40
195,0.972,0.751503006012024,4.0,100,40
196,0.934,0.8336673346693386,4.5,100,40
197,0.884,0.8917835671342685,5.0,100,40
198,0.836,0.9298597194388778,5.5,100,40
199,0.786,0.9498997995991983,6.0,100,40
200,0.734,0.9639278557114228,6.5,100,40
201,0.69,0.9779559118236473,7.0,100,40
202,0.63,0.9839679358717435,7.5,100,40
203,0.578,0.9879759519038076,8.0,100,40
204,0.0,1.0,0.0,125,40
205,1.0,0.0,0.5,125,40
206,1.0,0.0,1.0,125,40
207,1.0,0.0,1.5,125,40
208,1.0,0.0,2.0,125,40
209,1.0,0.10020040080160321,2.5,125,40
210,1.0,0.3787575150300601,3.0,125,40
211,1.0,0.6032064128256514,3.5,125,40
212,0.996,0.7575150300601202,4.0,125,40
213,0.982,0.8396793587174348,4.5,125,40
214,0.948,0.8897795591182365,5.0,125,40
215,0.92,0.9378757515030061,5.5,125,40
216,0.868,0.9519038076152304,6.0,125,40
217,0.812,0.9639278557114228,6.5,125,40
218,0.78,0.9779559118236473,7.0,125,40
219,0.742,0.9819639278557114,7.5,125,40
220,0.686,0.9879759519038076,8.0,125,40
221,0.0,1.0,0.0,150,40
222,1.0,0.002004008016032064,0.5,150,40
223,1.0,0.0,1.0,150,40
224,1.0,0.0,1.5,150,40
225,1.0,0.004008016032064128,2.0,150,40
226,1.0,0.1062124248496994,2.5,150,40
227,1.0,0.3867735470941884,3.0,150,40
228,1.0,0.591182364729459,3.5,150,40
229,0.996,0.7695390781563126,4.0,150,40
230,0.984,0.8677354709418837,4.5,150,40
231,0.96,0.9078156312625251,5.0,150,40
232,0.934,0.9498997995991983,5.5,150,40
233,0.908,0.9639278557114228,6.0,150,40
234,0.86,0.9779559118236473,6.5,150,40
235,0.802,0.9859719438877755,7.0,150,40
236,0.762,0.9879759519038076,7.5,150,40
237,0.712,0.9899799599198397,8.0,150,40
238,0.0,1.0,0.0,0,60
239,0.0,1.0,0.5,0,60
240,0.0,1.0,1.0,0,60
241,0.0,1.0,1.5,0,60
242,0.0,1.0,2.0,0,60
243,0.0,1.0,2.5,0,60
244,0.0,1.0,3.0,0,60
245,0.0,1.0,3.5,0,60
246,0.0,1.0,4.0,0,60
247,0.0,1.0,4.5,0,60
248,0.0,1.0,5.0,0,60
249,0.0,1.0,5.5,0,60
250,0.0,1.0,6.0,0,60
251,0.0,1.0,6.5,0,60
252,0.0,1.0,7.0,0,60
253,0.0,1.0,7.5,0,60
254,0.0,1.0,8.0,0,60
255,0.0,1.0,0.0,25,60
256,0.298,0.8256513026052105,0.5,25,60
257,1.0,0.0,1.0,25,60
258,1.0,0.02004008016032064,1.5,25,60
259,0.592,0.8136272545090181,2.0,25,60
260,0.122,0.9839679358717435,2.5,25,60
261,0.014,1.0,3.0,25,60
262,0.004,1.0,3.5,25,60
263,0.002,1.0,4.0,25,60
264,0.002,1.0,4.5,25,60
265,0.002,1.0,5.0,25,60
266,0.002,1.0,5.5,25,60
267,0.002,1.0,6.0,25,60
268,0.002,1.0,6.5,25,60
269,0.002,1.0,7.0,25,60
270,0.002,1.0,7.5,25,60
271,0.002,1.0,8.0,25,60
272,0.0,1.0,0.0,50,60
273,0.92,0.22645290581162325,0.5,50,60
274,1.0,0.0,1.0,50,60
275,1.0,0.0,1.5,50,60
276,1.0,0.23246492985971945,2.0,50,60
277,0.962,0.6973947895791583,2.5,50,60
278,0.846,0.9078156312625251,3.0,50,60
279,0.554,0.969939879759519,3.5,50,60
280,0.29,0.9899799599198397,4.0,50,60
281,0.126,0.9979959919839679,4.5,50,60
282,0.044,1.0,5.0,50,60
283,0.022,1.0,5.5,50,60
284,0.01,1.0,6.0,50,60
285,0.004,1.0,6.5,50,60
286,0.004,1.0,7.0,50,60
287,0.002,1.0,7.5,50,60
288,0.002,1.0,8.0,50,60
289,0.0,1.0,0.0,75,60
290,0.972,0.11623246492985972,0.5,75,60
291,1.0,0.0,1.0,75,60
292,1.0,0.0,1.5,75,60
293,1.0,0.11222444889779559,2.0,75,60
294,0.99,0.5751503006012024,2.5,75,60
295,0.95,0.8176352705410822,3.0,75,60
296,0.888,0.9298597194388778,3.5,75,60
297,0.816,0.9779559118236473,4.0,75,60
298,0.746,0.9879759519038076,4.5,75,60
299,0.66,0.9919839679358717,5.0,75,60
300,0.472,1.0,5.5,75,60
301,0.328,1.0,6.0,75,60
302,0.226,1.0,6.5,75,60
303,0.136,1.0,7.0,75,60
304,0.076,1.0,7.5,75,60
305,0.044,1.0,8.0,75,60
306,0.0,1.0,0.0,100,60
307,0.982,0.1282565130260521,0.5,100,60
308,1.0,0.0,1.0,100,60
309,1.0,0.0,1.5,100,60
310,1.0,0.1402805611222445,2.0,100,60
311,1.0,0.5651302605210421,2.5,100,60
312,0.998,0.8356713426853707,3.0,100,60
313,0.988,0.9258517034068137,3.5,100,60
314,0.922,0.9599198396793587,4.0,100,60
315,0.862,0.9859719438877755,4.5,100,60
316,0.804,0.9939879759519038,5.0,100,60
317,0.754,0.9979959919839679,5.5,100,60
318,0.708,1.0,6.0,100,60
319,0.654,1.0,6.5,100,60
320,0.58,1.0,7.0,100,60
321,0.494,1.0,7.5,100,60
322,0.378,1.0,8.0,100,60
323,0.0,1.0,0.0,125,60
324,0.986,0.09218436873747494,0.5,125,60
325,1.0,0.0,1.0,125,60
326,1.0,0.0,1.5,125,60
327,1.0,0.10020040080160321,2.0,125,60
328,1.0,0.5831663326653307,2.5,125,60
329,1.0,0.8356713426853707,3.0,125,60
330,0.996,0.9138276553106213,3.5,125,60
331,0.98,0.9599198396793587,4.0,125,60
332,0.93,0.9779559118236473,4.5,125,60
333,0.882,0.9919839679358717,5.0,125,60
334,0.832,0.9979959919839679,5.5,125,60
335,0.782,0.9979959919839679,6.0,125,60
336,0.734,1.0,6.5,125,60
337,0.688,1.0,7.0,125,60
338,0.632,1.0,7.5,125,60
339,0.546,1.0,8.0,125,60
340,0.0,1.0,0.0,150,60
341,0.998,0.11022044088176353,0.5,150,60
342,1.0,0.0,1.0,150,60
343,1.0,0.0,1.5,150,60
344,1.0,0.11823647294589178,2.0,150,60
345,1.0,0.5751503006012024,2.5,150,60
346,1.0,0.8256513026052105,3.0,150,60
347,0.998,0.935871743486974,3.5,150,60
348,0.986,0.969939879759519,4.0,150,60
349,0.958,0.9779559118236473,4.5,150,60
350,0.916,0.9899799599198397,5.0,150,60
351,0.86,1.0,5.5,150,60
352,0.808,1.0,6.0,150,60
353,0.762,1.0,6.5,150,60
354,0.72,1.0,7.0,150,60
355,0.648,1.0,7.5,150,60
356,0.564,1.0,8.0,150,60
357,0.0,1.0,0.0,0,80
358,0.0,1.0,0.5,0,80
359,0.0,1.0,1.0,0,80
360,0.0,1.0,1.5,0,80
361,0.0,1.0,2.0,0,80
362,0.0,1.0,2.5,0,80
363,0.0,1.0,3.0,0,80
364,0.0,1.0,3.5,0,80
365,0.0,1.0,4.0,0,80
366,0.0,1.0,4.5,0,80
367,0.0,1.0,5.0,0,80
368,0.0,1.0,5.5,0,80
369,0.0,1.0,6.0,0,80
370,0.0,1.0,6.5,0,80
371,0.0,1.0,7.0,0,80
372,0.0,1.0,7.5,0,80
373,0.0,1.0,8.0,0,80
374,0.0,1.0,0.0,25,80
375,0.042,0.9879759519038076,0.5,25,80
376,1.0,0.0,1.0,25,80
377,1.0,0.46693386773547096,1.5,25,80
378,0.25,0.9939879759519038,2.0,25,80
379,0.012,1.0,2.5,25,80
380,0.002,1.0,3.0,25,80
381,0.002,1.0,3.5,25,80
382,0.002,1.0,4.0,25,80
383,0.002,1.0,4.5,25,80
384,0.002,1.0,5.0,25,80
385,0.002,1.0,5.5,25,80
386,0.002,1.0,6.0,25,80
387,0.002,1.0,6.5,25,80
388,0.002,1.0,7.0,25,80
389,0.002,1.0,7.5,25,80
390,0.002,1.0,8.0,25,80
391,0.0,1.0,0.0,50,80
392,0.644,0.7755511022044088,0.5,50,80
393,1.0,0.0,1.0,50,80
394,1.0,0.03006012024048096,1.5,50,80
395,0.992,0.781563126252505,2.0,50,80
396,0.882,0.9839679358717435,2.5,50,80
397,0.582,0.9959919839679359,3.0,50,80
398,0.194,1.0,3.5,50,80
399,0.038,1.0,4.0,50,80
400,0.004,1.0,4.5,50,80
401,0.002,1.0,5.0,50,80
402,0.002,1.0,5.5,50,80
403,0.002,1.0,6.0,50,80
404,0.002,1.0,6.5,50,80
405,0.002,1.0,7.0,50,80
406,0.002,1.0,7.5,50,80
407,0.002,1.0,8.0,50,80
408,0.0,1.0,0.0,75,80
409,0.898,0.39879759519038077,0.5,75,80
410,1.0,0.0,1.0,75,80
411,1.0,0.0,1.5,75,80
412,1.0,0.3687374749498998,2.0,75,80
413,0.992,0.8517034068136272,2.5,75,80
414,0.916,0.9619238476953907,3.0,75,80
415,0.842,0.9879759519038076,3.5,75,80
416,0.756,0.9959919839679359,4.0,75,80
417,0.666,1.0,4.5,75,80
418,0.45,1.0,5.0,75,80
419,0.252,1.0,5.5,75,80
420,0.142,1.0,6.0,75,80
421,0.064,1.0,6.5,75,80
422,0.026,1.0,7.0,75,80
423,0.01,1.0,7.5,75,80
424,0.006,1.0,8.0,75,80
425,0.0,1.0,0.0,100,80
426,0.938,0.374749498997996,0.5,100,80
427,1.0,0.0,1.0,100,80
428,1.0,0.002004008016032064,1.5,100,80
429,1.0,0.3687374749498998,2.0,100,80
430,1.0,0.8296593186372746,2.5,100,80
431,0.996,0.9539078156312625,3.0,100,80
432,0.962,0.9839679358717435,3.5,100,80
433,0.89,0.9939879759519038,4.0,100,80
434,0.804,0.9979959919839679,4.5,100,80
435,0.746,1.0,5.0,100,80
436,0.698,1.0,5.5,100,80
437,0.64,1.0,6.0,100,80
438,0.55,1.0,6.5,100,80
439,0.418,1.0,7.0,100,80
440,0.272,1.0,7.5,100,80
441,0.188,1.0,8.0,100,80
442,0.0,1.0,0.0,125,80
443,0.948,0.36072144288577157,0.5,125,80
444,1.0,0.0,1.0,125,80
445,1.0,0.002004008016032064,1.5,125,80
446,1.0,0.3466933867735471,2.0,125,80
447,1.0,0.811623246492986,2.5,125,80
448,1.0,0.9539078156312625,3.0,125,80
449,0.996,0.9839679358717435,3.5,125,80
450,0.956,0.9919839679358717,4.0,125,80
451,0.882,0.9959919839679359,4.5,125,80
452,0.812,1.0,5.0,125,80
453,0.76,1.0,5.5,125,80
454,0.706,1.0,6.0,125,80
455,0.658,1.0,6.5,125,80
456,0.59,1.0,7.0,125,80
457,0.496,1.0,7.5,125,80
458,0.392,1.0,8.0,125,80
459,0.0,1.0,0.0,150,80
460,0.976,0.3727454909819639,0.5,150,80
461,1.0,0.0,1.0,150,80
462,1.0,0.002004008016032064,1.5,150,80
463,1.0,0.3927855711422846,2.0,150,80
464,1.0,0.8276553106212425,2.5,150,80
465,1.0,0.9599198396793587,3.0,150,80
466,0.994,0.9779559118236473,3.5,150,80
467,0.978,0.9899799599198397,4.0,150,80
468,0.922,0.9979959919839679,4.5,150,80
469,0.858,1.0,5.0,150,80
470,0.806,1.0,5.5,150,80
471,0.76,1.0,6.0,150,80
472,0.706,1.0,6.5,150,80
473,0.618,1.0,7.0,150,80
474,0.518,1.0,7.5,150,80
475,0.384,1.0,8.0,150,80
476,0.0,1.0,0.0,0,100
477,0.0,1.0,0.5,0,100
478,0.0,1.0,1.0,0,100
479,0.0,1.0,1.5,0,100
480,0.0,1.0,2.0,0,100
481,0.0,1.0,2.5,0,100
482,0.0,1.0,3.0,0,100
483,0.0,1.0,3.5,0,100
484,0.0,1.0,4.0,0,100
485,0.0,1.0,4.5,0,100
486,0.0,1.0,5.0,0,100
487,0.0,1.0,5.5,0,100
488,0.0,1.0,6.0,0,100
489,0.0,1.0,6.5,0,100
490,0.0,1.0,7.0,0,100
491,0.0,1.0,7.5,0,100
492,0.0,1.0,8.0,0,100
493,0.0,1.0,0.0,25,100
494,0.02,1.0,0.5,25,100
495,1.0,0.0,1.0,25,100
496,0.992,0.8937875751503006,1.5,25,100
497,0.032,1.0,2.0,25,100
498,0.002,1.0,2.5,25,100
499,0.002,1.0,3.0,25,100
500,0.002,1.0,3.5,25,100
501,0.002,1.0,4.0,25,100
502,0.002,1.0,4.5,25,100
503,0.002,1.0,5.0,25,100
504,0.002,1.0,5.5,25,100
505,0.002,1.0,6.0,25,100
506,0.002,1.0,6.5,25,100
507,0.002,1.0,7.0,25,100
508,0.002,1.0,7.5,25,100
509,0.002,1.0,8.0,25,100
510,0.0,1.0,0.0,50,100
511,0.474,0.9619238476953907,0.5,50,100
512,1.0,0.0,1.0,50,100
513,1.0,0.250501002004008,1.5,50,100
514,0.98,0.9619238476953907,2.0,50,100
515,0.8,0.9979959919839679,2.5,50,100
516,0.228,1.0,3.0,50,100
517,0.012,1.0,3.5,50,100
518,0.002,1.0,4.0,50,100
519,0.002,1.0,4.5,50,100
520,0.002,1.0,5.0,50,100
521,0.002,1.0,5.5,50,100
522,0.002,1.0,6.0,50,100
523,0.002,1.0,6.5,50,100
524,0.002,1.0,7.0,50,100
525,0.002,1.0,7.5,50,100
526,0.002,1.0,8.0,50,100
527,0.0,1.0,0.0,75,100
528,0.776,0.8256513026052105,0.5,75,100
529,1.0,0.0,1.0,75,100
530,1.0,0.06813627254509018,1.5,75,100
531,1.0,0.8256513026052105,2.0,75,100
532,0.956,0.9719438877755511,2.5,75,100
533,0.856,0.9959919839679359,3.0,75,100
534,0.78,1.0,3.5,75,100
535,0.638,1.0,4.0,75,100
536,0.366,1.0,4.5,75,100
537,0.112,1.0,5.0,75,100
538,0.028,1.0,5.5,75,100
539,0.01,1.0,6.0,75,100
540,0.002,1.0,6.5,75,100
541,0.002,1.0,7.0,75,100
542,0.002,1.0,7.5,75,100
543,0.002,1.0,8.0,75,100
544,0.0,1.0,0.0,100,100
545,0.9,0.6072144288577155,0.5,100,100
546,1.0,0.0,1.0,100,100
547,1.0,0.006012024048096192,1.5,100,100
548,1.0,0.5651302605210421,2.0,100,100
549,1.0,0.9318637274549099,2.5,100,100
550,0.994,0.9759519038076152,3.0,100,100
551,0.944,0.9979959919839679,3.5,100,100
552,0.85,0.9979959919839679,4.0,100,100
553,0.766,1.0,4.5,100,100
554,0.688,1.0,5.0,100,100
555,0.622,1.0,5.5,100,100
556,0.504,1.0,6.0,100,100
557,0.37,1.0,6.5,100,100
558,0.188,1.0,7.0,100,100
559,0.096,1.0,7.5,100,100
560,0.042,1.0,8.0,100,100
561,0.0,1.0,0.0,125,100
562,0.908,0.6192384769539078,0.5,125,100
563,1.0,0.0,1.0,125,100
564,1.0,0.014028056112224449,1.5,125,100
565,1.0,0.6312625250501002,2.0,125,100
566,1.0,0.9418837675350702,2.5,125,100
567,1.0,0.9799599198396793,3.0,125,100
568,0.984,0.9979959919839679,3.5,125,100
569,0.93,0.9979959919839679,4.0,125,100
570,0.838,1.0,4.5,125,100
571,0.768,1.0,5.0,125,100
572,0.69,1.0,5.5,125,100
573,0.63,1.0,6.0,125,100
574,0.548,1.0,6.5,125,100
575,0.428,1.0,7.0,125,100
576,0.294,1.0,7.5,125,100
577,0.19,1.0,8.0,125,100
578,0.0,1.0,0.0,150,100
579,0.94,0.625250501002004,0.5,150,100
580,1.0,0.0,1.0,150,100
581,1.0,0.018036072144288578,1.5,150,100
582,1.0,0.627254509018036,2.0,150,100
583,1.0,0.9398797595190381,2.5,150,100
584,1.0,0.9839679358717435,3.0,150,100
585,0.984,0.9959919839679359,3.5,150,100
586,0.952,0.9979959919839679,4.0,150,100
587,0.866,0.9979959919839679,4.5,150,100
588,0.808,1.0,5.0,150,100
589,0.748,1.0,5.5,150,100
590,0.68,1.0,6.0,150,100
591,0.58,1.0,6.5,150,100
592,0.472,1.0,7.0,150,100
593,0.332,1.0,7.5,150,100
594,0.242,1.0,8.0,150,100
595,0.0,1.0,0.0,0,120
596,0.0,1.0,0.5,0,120
597,0.0,1.0,1.0,0,120
598,0.0,1.0,1.5,0,120
599,0.0,1.0,2.0,0,120
600,0.0,1.0,2.5,0,120
601,0.0,1.0,3.0,0,120
602,0.0,1.0,3.5,0,120
603,0.0,1.0,4.0,0,120
604,0.0,1.0,4.5,0,120
605,0.0,1.0,5.0,0,120
606,0.0,1.0,5.5,0,120
607,0.0,1.0,6.0,0,120
608,0.0,1.0,6.5,0,120
609,0.0,1.0,7.0,0,120
610,0.0,1.0,7.5,0,120
611,0.0,1.0,8.0,0,120
612,0.0,1.0,0.0,25,120
613,0.0,1.0,0.5,25,120
614,1.0,0.0,1.0,25,120
615,0.946,0.9779559118236473,1.5,25,120
616,0.004,1.0,2.0,25,120
617,0.002,1.0,2.5,25,120
618,0.002,1.0,3.0,25,120
619,0.002,1.0,3.5,25,120
620,0.002,1.0,4.0,25,120
621,0.002,1.0,4.5,25,120
622,0.002,1.0,5.0,25,120
623,0.002,1.0,5.5,25,120
624,0.002,1.0,6.0,25,120
625,0.002,1.0,6.5,25,120
626,0.002,1.0,7.0,25,120
627,0.002,1.0,7.5,25,120
628,0.002,1.0,8.0,25,120
629,0.0,1.0,0.0,50,120
630,0.374,1.0,0.5,50,120
631,1.0,0.0,1.0,50,120
632,1.0,0.6533066132264529,1.5,50,120
633,0.95,0.9939879759519038,2.0,50,120
634,0.604,1.0,2.5,50,120
635,0.046,1.0,3.0,50,120
636,0.002,1.0,3.5,50,120
637,0.002,1.0,4.0,50,120
638,0.002,1.0,4.5,50,120
639,0.002,1.0,5.0,50,120
640,0.002,1.0,5.5,50,120
641,0.002,1.0,6.0,50,120
642,0.002,1.0,6.5,50,120
643,0.002,1.0,7.0,50,120
644,0.002,1.0,7.5,50,120
645,0.002,1.0,8.0,50,120
646,0.0,1.0,0.0,75,120
647,0.73,0.9639278557114228,0.5,75,120
648,1.0,0.0,1.0,75,120
649,1.0,0.2665330661322645,1.5,75,120
650,1.0,0.9599198396793587,2.0,75,120
651,0.914,0.9959919839679359,2.5,75,120
652,0.812,0.9979959919839679,3.0,75,120
653,0.67,1.0,3.5,75,120
654,0.356,1.0,4.0,75,120
655,0.08,1.0,4.5,75,120
656,0.008,1.0,5.0,75,120
657,0.002,1.0,5.5,75,120
658,0.002,1.0,6.0,75,120
659,0.002,1.0,6.5,75,120
660,0.002,1.0,7.0,75,120
661,0.002,1.0,7.5,75,120
662,0.002,1.0,8.0,75,120
663,0.0,1.0,0.0,100,120
664,0.838,0.8717434869739479,0.5,100,120
665,1.0,0.0,1.0,100,120
666,1.0,0.10420841683366733,1.5,100,120
667,1.0,0.8977955911823647,2.0,100,120
668,1.0,0.9899799599198397,2.5,100,120
669,0.964,0.9979959919839679,3.0,100,120
670,0.858,0.9979959919839679,3.5,100,120
671,0.754,1.0,4.0,100,120
672,0.668,1.0,4.5,100,120
673,0.586,1.0,5.0,100,120
674,0.398,1.0,5.5,100,120
675,0.212,1.0,6.0,100,120
676,0.088,1.0,6.5,100,120
677,0.03,1.0,7.0,100,120
678,0.008,1.0,7.5,100,120
679,0.002,1.0,8.0,100,120
680,0.0,1.0,0.0,125,120
681,0.882,0.781563126252505,0.5,125,120
682,1.0,0.0,1.0,125,120
683,1.0,0.03406813627254509,1.5,125,120
684,1.0,0.7775551102204409,2.0,125,120
685,1.0,0.969939879759519,2.5,125,120
686,0.998,0.9939879759519038,3.0,125,120
687,0.968,0.9979959919839679,3.5,125,120
688,0.874,0.9979959919839679,4.0,125,120
689,0.79,1.0,4.5,125,120
690,0.696,1.0,5.0,125,120
691,0.616,1.0,5.5,125,120
692,0.496,1.0,6.0,125,120
693,0.36,1.0,6.5,125,120
694,0.226,1.0,7.0,125,120
695,0.134,1.0,7.5,125,120
696,0.058,1.0,8.0,125,120
697,0.0,1.0,0.0,150,120
698,0.912,0.7875751503006012,0.5,150,120
699,1.0,0.0,1.0,150,120
700,1.0,0.056112224448897796,1.5,150,120
701,1.0,0.8056112224448898,2.0,150,120
702,1.0,0.9819639278557114,2.5,150,120
703,1.0,0.9959919839679359,3.0,150,120
704,0.976,0.9979959919839679,3.5,150,120
705,0.908,0.9979959919839679,4.0,150,120
706,0.818,1.0,4.5,150,120
707,0.744,1.0,5.0,150,120
708,0.66,1.0,5.5,150,120
709,0.55,1.0,6.0,150,120
710,0.424,1.0,6.5,150,120
711,0.304,1.0,7.0,150,120
712,0.184,1.0,7.5,150,120
713,0.118,1.0,8.0,150,120
714,0.0,1.0,0.0,0,140
715,0.0,1.0,0.5,0,140
716,0.0,1.0,1.0,0,140
717,0.0,1.0,1.5,0,140
718,0.0,1.0,2.0,0,140
719,0.0,1.0,2.5,0,140
720,0.0,1.0,3.0,0,140
721,0.0,1.0,3.5,0,140
722,0.0,1.0,4.0,0,140
723,0.0,1.0,4.5,0,140
724,0.0,1.0,5.0,0,140
725,0.0,1.0,5.5,0,140
726,0.0,1.0,6.0,0,140
727,0.0,1.0,6.5,0,140
728,0.0,1.0,7.0,0,140
729,0.0,1.0,7.5,0,140
730,0.0,1.0,8.0,0,140
731,0.0,1.0,0.0,25,140
732,0.0,1.0,0.5,25,140
733,1.0,0.0,1.0,25,140
734,0.848,1.0,1.5,25,140
735,0.002,1.0,2.0,25,140
736,0.002,1.0,2.5,25,140
737,0.002,1.0,3.0,25,140
738,0.002,1.0,3.5,25,140
739,0.002,1.0,4.0,25,140
740,0.002,1.0,4.5,25,140
741,0.002,1.0,5.0,25,140
742,0.002,1.0,5.5,25,140
743,0.002,1.0,6.0,25,140
744,0.002,1.0,6.5,25,140
745,0.002,1.0,7.0,25,140
746,0.002,1.0,7.5,25,140
747,0.002,1.0,8.0,25,140
748,0.0,1.0,0.0,50,140
749,0.254,1.0,0.5,50,140
750,1.0,0.0,1.0,50,140
751,1.0,0.905811623246493,1.5,50,140
752,0.884,1.0,2.0,50,140
753,0.368,1.0,2.5,50,140
754,0.006,1.0,3.0,50,140
755,0.002,1.0,3.5,50,140
756,0.002,1.0,4.0,50,140
757,0.002,1.0,4.5,50,140
758,0.002,1.0,5.0,50,140
759,0.002,1.0,5.5,50,140
760,0.002,1.0,6.0,50,140
761,0.002,1.0,6.5,50,140
762,0.002,1.0,7.0,50,140
763,0.002,1.0,7.5,50,140
764,0.002,1.0,8.0,50,140
765,0.0,1.0,0.0,75,140
766,0.664,0.9979959919839679,0.5,75,140
767,1.0,0.0,1.0,75,140
768,1.0,0.6052104208416834,1.5,75,140
769,0.992,0.9939879759519038,2.0,75,140
770,0.882,0.9979959919839679,2.5,75,140
771,0.746,1.0,3.0,75,140
772,0.48,1.0,3.5,75,140
773,0.116,1.0,4.0,75,140
774,0.014,1.0,4.5,75,140
775,0.002,1.0,5.0,75,140
776,0.002,1.0,5.5,75,140
777,0.002,1.0,6.0,75,140
778,0.002,1.0,6.5,75,140
779,0.002,1.0,7.0,75,140
780,0.002,1.0,7.5,75,140
781,0.002,1.0,8.0,75,140
782,0.0,1.0,0.0,100,140
783,0.788,0.9679358717434869,0.5,100,140
784,1.0,0.0,1.0,100,140
785,1.0,0.3587174348697395,1.5,100,140
786,1.0,0.9739478957915831,2.0,100,140
787,0.998,0.9939879759519038,2.5,100,140
788,0.888,0.9979959919839679,3.0,100,140
789,0.784,1.0,3.5,100,140
790,0.696,1.0,4.0,100,140
791,0.554,1.0,4.5,100,140
792,0.322,1.0,5.0,100,140
793,0.166,1.0,5.5,100,140
794,0.058,1.0,6.0,100,140
795,0.014,1.0,6.5,100,140
796,0.004,1.0,7.0,100,140
797,0.002,1.0,7.5,100,140
798,0.002,1.0,8.0,100,140
799,0.0,1.0,0.0,125,140
800,0.848,0.9178356713426854,0.5,125,140
801,1.0,0.0,1.0,125,140
802,1.0,0.1963927855711423,1.5,125,140
803,1.0,0.9298597194388778,2.0,125,140
804,1.0,0.9899799599198397,2.5,125,140
805,0.988,0.9979959919839679,3.0,125,140
806,0.888,0.9979959919839679,3.5,125,140
807,0.798,1.0,4.0,125,140
808,0.698,1.0,4.5,125,140
809,0.594,1.0,5.0,125,140
810,0.44,1.0,5.5,125,140
811,0.29,1.0,6.0,125,140
812,0.162,1.0,6.5,125,140
813,0.09,1.0,7.0,125,140
814,0.036,1.0,7.5,125,140
815,0.012,1.0,8.0,125,140
816,0.0,1.0,0.0,150,140
817,0.9,0.8777555110220441,0.5,150,140
818,1.0,0.0,1.0,150,140
819,1.0,0.13026052104208416,1.5,150,140
820,1.0,0.8877755511022044,2.0,150,140
821,1.0,0.9899799599198397,2.5,150,140
822,0.998,0.9979959919839679,3.0,150,140
823,0.958,0.9979959919839679,3.5,150,140
824,0.862,0.9979959919839679,4.0,150,140
825,0.772,1.0,4.5,150,140
826,0.676,1.0,5.0,150,140
827,0.54,1.0,5.5,150,140
828,0.404,1.0,6.0,150,140
829,0.258,1.0,6.5,150,140
830,0.162,1.0,7.0,150,140
831,0.096,1.0,7.5,150,140
832,0.042,1.0,8.0,150,140
833,0.0,1.0,0.0,0,160
834,0.0,1.0,0.5,0,160
835,0.0,1.0,1.0,0,160
836,0.0,1.0,1.5,0,160
837,0.0,1.0,2.0,0,160
838,0.0,1.0,2.5,0,160
839,0.0,1.0,3.0,0,160
840,0.0,1.0,3.5,0,160
841,0.0,1.0,4.0,0,160
842,0.0,1.0,4.5,0,160
843,0.0,1.0,5.0,0,160
844,0.0,1.0,5.5,0,160
845,0.0,1.0,6.0,0,160
846,0.0,1.0,6.5,0,160
847,0.0,1.0,7.0,0,160
848,0.0,1.0,7.5,0,160
849,0.0,1.0,8.0,0,160
850,0.0,1.0,0.0,25,160
851,0.0,1.0,0.5,25,160
852,1.0,0.0,1.0,25,160
853,0.726,1.0,1.5,25,160
854,0.002,1.0,2.0,25,160
855,0.002,1.0,2.5,25,160
856,0.002,1.0,3.0,25,160
857,0.002,1.0,3.5,25,160
858,0.002,1.0,4.0,25,160
859,0.002,1.0,4.5,25,160
860,0.002,1.0,5.0,25,160
861,0.002,1.0,5.5,25,160
862,0.002,1.0,6.0,25,160
863,0.002,1.0,6.5,25,160
864,0.002,1.0,7.0,25,160
865,0.002,1.0,7.5,25,160
866,0.002,1.0,8.0,25,160
867,0.0,1.0,0.0,50,160
868,0.1,1.0,0.5,50,160
869,1.0,0.0,1.0,50,160
870,1.0,0.969939879759519,1.5,50,160
871,0.812,1.0,2.0,50,160
872,0.178,1.0,2.5,50,160
873,0.002,1.0,3.0,50,160
874,0.002,1.0,3.5,50,160
875,0.002,1.0,4.0,50,160
876,0.002,1.0,4.5,50,160
877,0.002,1.0,5.0,50,160
878,0.002,1.0,5.5,50,160
879,0.002,1.0,6.0,50,160
880,0.002,1.0,6.5,50,160
881,0.002,1.0,7.0,50,160
882,0.002,1.0,7.5,50,160
883,0.002,1.0,8.0,50,160
884,0.0,1.0,0.0,75,160
885,0.576,1.0,0.5,75,160
886,1.0,0.0,1.0,75,160
887,1.0,0.811623246492986,1.5,75,160
888,0.974,0.9979959919839679,2.0,75,160
889,0.82,1.0,2.5,75,160
890,0.658,1.0,3.0,75,160
891,0.226,1.0,3.5,75,160
892,0.042,1.0,4.0,75,160
893,0.004,1.0,4.5,75,160
894,0.002,1.0,5.0,75,160
895,0.002,1.0,5.5,75,160
896,0.002,1.0,6.0,75,160
897,0.002,1.0,6.5,75,160
898,0.002,1.0,7.0,75,160
899,0.002,1.0,7.5,75,160
900,0.002,1.0,8.0,75,160
901,0.0,1.0,0.0,100,160
902,0.728,0.9939879759519038,0.5,100,160
903,1.0,0.0,1.0,100,160
904,1.0,0.6072144288577155,1.5,100,160
905,1.0,0.9919839679358717,2.0,100,160
906,0.958,0.9979959919839679,2.5,100,160
907,0.834,1.0,3.0,100,160
908,0.744,1.0,3.5,100,160
909,0.582,1.0,4.0,100,160
910,0.332,1.0,4.5,100,160
911,0.15,1.0,5.0,100,160
912,0.06,1.0,5.5,100,160
913,0.018,1.0,6.0,100,160
914,0.004,1.0,6.5,100,160
915,0.002,1.0,7.0,100,160
916,0.002,1.0,7.5,100,160
917,0.002,1.0,8.0,100,160
918,0.0,1.0,0.0,125,160
919,0.802,0.9799599198396793,0.5,125,160
920,1.0,0.0,1.0,125,160
921,1.0,0.42685370741482964,1.5,125,160
922,1.0,0.9819639278557114,2.0,125,160
923,0.998,0.9979959919839679,2.5,125,160
924,0.936,0.9979959919839679,3.0,125,160
925,0.832,1.0,3.5,125,160
926,0.724,1.0,4.0,125,160
927,0.59,1.0,4.5,125,160
928,0.42,1.0,5.0,125,160
929,0.246,1.0,5.5,125,160
930,0.136,1.0,6.0,125,160
931,0.062,1.0,6.5,125,160
932,0.026,1.0,7.0,125,160
933,0.008,1.0,7.5,125,160
934,0.002,1.0,8.0,125,160
935,0.0,1.0,0.0,150,160
936,0.88,0.9539078156312625,0.5,150,160
937,1.0,0.0,1.0,150,160
938,1.0,0.280561122244489,1.5,150,160
939,1.0,0.9659318637274549,2.0,150,160
940,1.0,0.9959919839679359,2.5,150,160
941,0.994,0.9979959919839679,3.0,150,160
942,0.896,0.9979959919839679,3.5,150,160
943,0.802,1.0,4.0,150,160
944,0.68,1.0,4.5,150,160
945,0.526,1.0,5.0,150,160
946,0.384,1.0,5.5,150,160
947,0.224,1.0,6.0,150,160
948,0.146,1.0,6.5,150,160
949,0.07,1.0,7.0,150,160
950,0.04,1.0,7.5,150,160
951,0.014,1.0,8.0,150,160
952,0.0,1.0,0.0,0,180
953,0.0,1.0,0.5,0,180
954,0.0,1.0,1.0,0,180
955,0.0,1.0,1.5,0,180
956,0.0,1.0,2.0,0,180
957,0.0,1.0,2.5,0,180
958,0.0,1.0,3.0,0,180
959,0.0,1.0,3.5,0,180
960,0.0,1.0,4.0,0,180
961,0.0,1.0,4.5,0,180
962,0.0,1.0,5.0,0,180
963,0.0,1.0,5.5,0,180
964,0.0,1.0,6.0,0,180
965,0.0,1.0,6.5,0,180
966,0.0,1.0,7.0,0,180
967,0.0,1.0,7.5,0,180
968,0.0,1.0,8.0,0,180
969,0.0,1.0,0.0,25,180
970,0.0,1.0,0.5,25,180
971,1.0,0.0,1.0,25,180
972,0.584,1.0,1.5,25,180
973,0.002,1.0,2.0,25,180
974,0.002,1.0,2.5,25,180
975,0.002,1.0,3.0,25,180
976,0.002,1.0,3.5,25,180
977,0.002,1.0,4.0,25,180
978,0.002,1.0,4.5,25,180
979,0.002,1.0,5.0,25,180
980,0.002,1.0,5.5,25,180
981,0.002,1.0,6.0,25,180
982,0.002,1.0,6.5,25,180
983,0.002,1.0,7.0,25,180
984,0.002,1.0,7.5,25,180
985,0.002,1.0,8.0,25,180
986,0.0,1.0,0.0,50,180
987,0.054,1.0,0.5,50,180
988,1.0,0.0,1.0,50,180
989,1.0,0.9819639278557114,1.5,50,180
990,0.732,1.0,2.0,50,180
991,0.062,1.0,2.5,50,180
992,0.002,1.0,3.0,50,180
993,0.002,1.0,3.5,50,180
994,0.002,1.0,4.0,50,180
995,0.002,1.0,4.5,50,180
996,0.002,1.0,5.0,50,180
997,0.002,1.0,5.5,50,180
998,0.002,1.0,6.0,50,180
999,0.002,1.0,6.5,50,180
1000,0.002,1.0,7.0,50,180
1001,0.002,1.0,7.5,50,180
1002,0.002,1.0,8.0,50,180
1003,0.0,1.0,0.0,75,180
1004,0.448,1.0,0.5,75,180
1005,1.0,0.0,1.0,75,180
1006,1.0,0.9098196392785571,1.5,75,180
1007,0.956,1.0,2.0,75,180
1008,0.778,1.0,2.5,75,180
1009,0.476,1.0,3.0,75,180
1010,0.13,1.0,3.5,75,180
1011,0.01,1.0,4.0,75,180
1012,0.002,1.0,4.5,75,180
1013,0.002,1.0,5.0,75,180
1014,0.002,1.0,5.5,75,180
1015,0.002,1.0,6.0,75,180
1016,0.002,1.0,6.5,75,180
1017,0.002,1.0,7.0,75,180
1018,0.002,1.0,7.5,75,180
1019,0.002,1.0,8.0,75,180
1020,0.0,1.0,0.0,100,180
1021,0.698,1.0,0.5,100,180
1022,1.0,0.0,1.0,100,180
1023,1.0,0.781563126252505,1.5,100,180
1024,1.0,0.9979959919839679,2.0,100,180
1025,0.918,0.9979959919839679,2.5,100,180
1026,0.788,1.0,3.0,100,180
1027,0.646,1.0,3.5,100,180
1028,0.398,1.0,4.0,100,180
1029,0.178,1.0,4.5,100,180
1030,0.082,1.0,5.0,100,180
1031,0.02,1.0,5.5,100,180
1032,0.002,1.0,6.0,100,180
1033,0.002,1.0,6.5,100,180
1034,0.002,1.0,7.0,100,180
1035,0.002,1.0,7.5,100,180
1036,0.002,1.0,8.0,100,180
1037,0.0,1.0,0.0,125,180
1038,0.758,0.9959919839679359,0.5,125,180
1039,1.0,0.0,1.0,125,180
1040,1.0,0.655310621242485,1.5,125,180
1041,1.0,0.9939879759519038,2.0,125,180
1042,0.986,0.9979959919839679,2.5,125,180
1043,0.876,1.0,3.0,125,180
1044,0.766,1.0,3.5,125,180
1045,0.632,1.0,4.0,125,180
1046,0.436,1.0,4.5,125,180
1047,0.244,1.0,5.0,125,180
1048,0.128,1.0,5.5,125,180
1049,0.052,1.0,6.0,125,180
1050,0.018,1.0,6.5,125,180
1051,0.002,1.0,7.0,125,180
1052,0.002,1.0,7.5,125,180
1053,0.002,1.0,8.0,125,180
1054,0.0,1.0,0.0,150,180
1055,0.834,0.9859719438877755,0.5,150,180
1056,1.0,0.0,1.0,150,180
1057,1.0,0.5190380761523046,1.5,150,180
1058,1.0,0.9899799599198397,2.0,150,180
1059,1.0,0.9979959919839679,2.5,150,180
1060,0.954,0.9979959919839679,3.0,150,180
1061,0.836,1.0,3.5,150,180
1062,0.718,1.0,4.0,150,180
1063,0.546,1.0,4.5,150,180
1064,0.374,1.0,5.0,150,180
1065,0.214,1.0,5.5,150,180
1066,0.112,1.0,6.0,150,180
1067,0.056,1.0,6.5,150,180
1068,0.026,1.0,7.0,150,180
1069,0.006,1.0,7.5,150,180
1070,0.002,1.0,8.0,150,180
1071,0.0,1.0,0.0,0,200
1072,0.0,1.0,0.5,0,200
1073,0.0,1.0,1.0,0,200
1074,0.0,1.0,1.5,0,200
1075,0.0,1.0,2.0,0,200
1076,0.0,1.0,2.5,0,200
1077,0.0,1.0,3.0,0,200
1078,0.0,1.0,3.5,0,200
1079,0.0,1.0,4.0,0,200
1080,0.0,1.0,4.5,0,200
1081,0.0,1.0,5.0,0,200
1082,0.0,1.0,5.5,0,200
1083,0.0,1.0,6.0,0,200
1084,0.0,1.0,6.5,0,200
1085,0.0,1.0,7.0,0,200
1086,0.0,1.0,7.5,0,200
1087,0.0,1.0,8.0,0,200
1088,0.0,1.0,0.0,25,200
1089,0.0,1.0,0.5,25,200
1090,1.0,0.0,1.0,25,200
1091,0.436,1.0,1.5,25,200
1092,0.002,1.0,2.0,25,200
1093,0.002,1.0,2.5,25,200
1094,0.002,1.0,3.0,25,200
1095,0.002,1.0,3.5,25,200
1096,0.002,1.0,4.0,25,200
1097,0.002,1.0,4.5,25,200
1098,0.002,1.0,5.0,25,200
1099,0.002,1.0,5.5,25,200
1100,0.002,1.0,6.0,25,200
1101,0.002,1.0,6.5,25,200
1102,0.002,1.0,7.0,25,200
1103,0.002,1.0,7.5,25,200
1104,0.002,1.0,8.0,25,200
1105,0.0,1.0,0.0,50,200
1106,0.01,1.0,0.5,50,200
1107,1.0,0.0,1.0,50,200
1108,1.0,0.9959919839679359,1.5,50,200
1109,0.626,1.0,2.0,50,200
1110,0.022,1.0,2.5,50,200
1111,0.002,1.0,3.0,50,200
1112,0.002,1.0,3.5,50,200
1113,0.002,1.0,4.0,50,200
1114,0.002,1.0,4.5,50,200
1115,0.002,1.0,5.0,50,200
1116,0.002,1.0,5.5,50,200
1117,0.002,1.0,6.0,50,200
1118,0.002,1.0,6.5,50,200
1119,0.002,1.0,7.0,50,200
1120,0.002,1.0,7.5,50,200
1121,0.002,1.0,8.0,50,200
1122,0.0,1.0,0.0,75,200
1123,0.356,1.0,0.5,75,200
1124,1.0,0.0,1.0,75,200
1125,1.0,0.9639278557114228,1.5,75,200
1126,0.922,1.0,2.0,75,200
1127,0.732,1.0,2.5,75,200
1128,0.282,1.0,3.0,75,200
1129,0.032,1.0,3.5,75,200
1130,0.004,1.0,4.0,75,200
1131,0.002,1.0,4.5,75,200
1132,0.002,1.0,5.0,75,200
1133,0.002,1.0,5.5,75,200
1134,0.002,1.0,6.0,75,200
1135,0.002,1.0,6.5,75,200
1136,0.002,1.0,7.0,75,200
1137,0.002,1.0,7.5,75,200
1138,0.002,1.0,8.0,75,200
1139,0.0,1.0,0.0,100,200
1140,0.638,1.0,0.5,100,200
1141,1.0,0.0,1.0,100,200
1142,1.0,0.8957915831663327,1.5,100,200
1143,1.0,0.9979959919839679,2.0,100,200
1144,0.874,1.0,2.5,100,200
1145,0.722,1.0,3.0,100,200
1146,0.536,1.0,3.5,100,200
1147,0.24,1.0,4.0,100,200
1148,0.084,1.0,4.5,100,200
1149,0.016,1.0,5.0,100,200
1150,0.002,1.0,5.5,100,200
1151,0.002,1.0,6.0,100,200
1152,0.002,1.0,6.5,100,200
1153,0.002,1.0,7.0,100,200
1154,0.002,1.0,7.5,100,200
1155,0.002,1.0,8.0,100,200
1156,0.0,1.0,0.0,125,200
1157,0.734,1.0,0.5,125,200
1158,1.0,0.0,1.0,125,200
1159,1.0,0.7995991983967936,1.5,125,200
1160,1.0,0.9979959919839679,2.0,125,200
1161,0.964,1.0,2.5,125,200
1162,0.82,1.0,3.0,125,200
1163,0.68,1.0,3.5,125,200
1164,0.502,1.0,4.0,125,200
1165,0.278,1.0,4.5,125,200
1166,0.116,1.0,5.0,125,200
1167,0.04,1.0,5.5,125,200
1168,0.006,1.0,6.0,125,200
1169,0.002,1.0,6.5,125,200
1170,0.002,1.0,7.0,125,200
1171,0.002,1.0,7.5,125,200
1172,0.002,1.0,8.0,125,200
1173,0.0,1.0,0.0,150,200
1174,0.78,0.9939879759519038,0.5,150,200
1175,1.0,0.0,1.0,150,200
1176,1.0,0.7054108216432866,1.5,150,200
1177,1.0,0.9979959919839679,2.0,150,200
1178,0.998,0.9979959919839679,2.5,150,200
1179,0.898,1.0,3.0,150,200
1180,0.772,1.0,3.5,150,200
1181,0.6,1.0,4.0,150,200
1182,0.408,1.0,4.5,150,200
1183,0.224,1.0,5.0,150,200
1184,0.088,1.0,5.5,150,200
1185,0.032,1.0,6.0,150,200
1186,0.006,1.0,6.5,150,200
1187,0.002,1.0,7.0,150,200
1188,0.002,1.0,7.5,150,200
1189,0.002,1.0,8.0,150,200
1190,0.0,1.0,0.0,0,220
1191,0.0,1.0,0.5,0,220
1192,0.0,1.0,1.0,0,220
1193,0.0,1.0,1.5,0,220
1194,0.0,1.0,2.0,0,220
1195,0.0,1.0,2.5,0,220
1196,0.0,1.0,3.0,0,220
1197,0.0,1.0,3.5,0,220
1198,0.0,1.0,4.0,0,220
1199,0.0,1.0,4.5,0,220
1200,0.0,1.0,5.0,0,220
1201,0.0,1.0,5.5,0,220
1202,0.0,1.0,6.0,0,220
1203,0.0,1.0,6.5,0,220
1204,0.0,1.0,7.0,0,220
1205,0.0,1.0,7.5,0,220
1206,0.0,1.0,8.0,0,220
1207,0.0,1.0,0.0,25,220
1208,0.0,1.0,0.5,25,220
1209,1.0,0.0,1.0,25,220
1210,0.3,1.0,1.5,25,220
1211,0.002,1.0,2.0,25,220
1212,0.002,1.0,2.5,25,220
1213,0.002,1.0,3.0,25,220
1214,0.002,1.0,3.5,25,220
1215,0.002,1.0,4.0,25,220
1216,0.002,1.0,4.5,25,220
1217,0.002,1.0,5.0,25,220
1218,0.002,1.0,5.5,25,220
1219,0.002,1.0,6.0,25,220
1220,0.002,1.0,6.5,25,220
1221,0.002,1.0,7.0,25,220
1222,0.002,1.0,7.5,25,220
1223,0.002,1.0,8.0,25,220
1224,0.0,1.0,0.0,50,220
1225,0.008,1.0,0.5,50,220
1226,1.0,0.0,1.0,50,220
1227,0.992,0.9979959919839679,1.5,50,220
1228,0.508,1.0,2.0,50,220
1229,0.008,1.0,2.5,50,220
1230,0.002,1.0,3.0,50,220
1231,0.002,1.0,3.5,50,220
1232,0.002,1.0,4.0,50,220
1233,0.002,1.0,4.5,50,220
1234,0.002,1.0,5.0,50,220
1235,0.002,1.0,5.5,50,220
1236,0.002,1.0,6.0,50,220
1237,0.002,1.0,6.5,50,220
1238,0.002,1.0,7.0,50,220
1239,0.002,1.0,7.5,50,220
1240,0.002,1.0,8.0,50,220
1241,0.0,1.0,0.0,75,220
1242,0.244,1.0,0.5,75,220
1243,1.0,0.0,1.0,75,220
1244,1.0,0.9879759519038076,1.5,75,220
1245,0.898,1.0,2.0,75,220
1246,0.664,1.0,2.5,75,220
1247,0.152,1.0,3.0,75,220
1248,0.006,1.0,3.5,75,220
1249,0.002,1.0,4.0,75,220
1250,0.002,1.0,4.5,75,220
1251,0.002,1.0,5.0,75,220
1252,0.002,1.0,5.5,75,220
1253,0.002,1.0,6.0,75,220
1254,0.002,1.0,6.5,75,220
1255,0.002,1.0,7.0,75,220
1256,0.002,1.0,7.5,75,220
1257,0.002,1.0,8.0,75,220
1258,0.0,1.0,0.0,100,220
1259,0.584,1.0,0.5,100,220
1260,1.0,0.0,1.0,100,220
1261,1.0,0.969939879759519,1.5,100,220
1262,0.992,1.0,2.0,100,220
1263,0.822,1.0,2.5,100,220
1264,0.678,1.0,3.0,100,220
1265,0.396,1.0,3.5,100,220
1266,0.132,1.0,4.0,100,220
1267,0.018,1.0,4.5,100,220
1268,0.002,1.0,5.0,100,220
1269,0.002,1.0,5.5,100,220
1270,0.002,1.0,6.0,100,220
1271,0.002,1.0,6.5,100,220
1272,0.002,1.0,7.0,100,220
1273,0.002,1.0,7.5,100,220
1274,0.002,1.0,8.0,100,220
1275,0.0,1.0,0.0,125,220
1276,0.68,1.0,0.5,125,220
1277,1.0,0.0,1.0,125,220
1278,1.0,0.9038076152304609,1.5,125,220
1279,1.0,0.9979959919839679,2.0,125,220
1280,0.926,1.0,2.5,125,220
1281,0.786,1.0,3.0,125,220
1282,0.61,1.0,3.5,125,220
1283,0.374,1.0,4.0,125,220
1284,0.158,1.0,4.5,125,220
1285,0.048,1.0,5.0,125,220
1286,0.004,1.0,5.5,125,220
1287,0.002,1.0,6.0,125,220
1288,0.002,1.0,6.5,125,220
1289,0.002,1.0,7.0,125,220
1290,0.002,1.0,7.5,125,220
1291,0.002,1.0,8.0,125,220
1292,0.0,1.0,0.0,150,220
1293,0.748,1.0,0.5,150,220
1294,1.0,0.0,1.0,150,220
1295,1.0,0.8476953907815631,1.5,150,220
1296,1.0,0.9979959919839679,2.0,150,220
1297,0.982,0.9979959919839679,2.5,150,220
1298,0.842,1.0,3.0,150,220
1299,0.698,1.0,3.5,150,220
1300,0.496,1.0,4.0,150,220
1301,0.272,1.0,4.5,150,220
1302,0.108,1.0,5.0,150,220
1303,0.036,1.0,5.5,150,220
1304,0.006,1.0,6.0,150,220
1305,0.002,1.0,6.5,150,220
1306,0.002,1.0,7.0,150,220
1307,0.002,1.0,7.5,150,220
1308,0.002,1.0,8.0,150,220
1309,0.0,1.0,0.0,0,240
1310,0.0,1.0,0.5,0,240
1311,0.0,1.0,1.0,0,240
1312,0.0,1.0,1.5,0,240
1313,0.0,1.0,2.0,0,240
1314,0.0,1.0,2.5,0,240
1315,0.0,1.0,3.0,0,240
1316,0.0,1.0,3.5,0,240
1317,0.0,1.0,4.0,0,240
1318,0.0,1.0,4.5,0,240
1319,0.0,1.0,5.0,0,240
1320,0.0,1.0,5.5,0,240
1321,0.0,1.0,6.0,0,240
1322,0.0,1.0,6.5,0,240
1323,0.0,1.0,7.0,0,240
1324,0.0,1.0,7.5,0,240
1325,0.0,1.0,8.0,0,240
1326,0.0,1.0,0.0,25,240
1327,0.0,1.0,0.5,25,240
1328,1.0,0.0,1.0,25,240
1329,0.182,1.0,1.5,25,240
1330,0.002,1.0,2.0,25,240
1331,0.002,1.0,2.5,25,240
1332,0.002,1.0,3.0,25,240
1333,0.002,1.0,3.5,25,240
1334,0.002,1.0,4.0,25,240
1335,0.002,1.0,4.5,25,240
1336,0.002,1.0,5.0,25,240
1337,0.002,1.0,5.5,25,240
1338,0.002,1.0,6.0,25,240
1339,0.002,1.0,6.5,25,240
1340,0.002,1.0,7.0,25,240
1341,0.002,1.0,7.5,25,240
1342,0.002,1.0,8.0,25,240
1343,0.0,1.0,0.0,50,240
1344,0.006,1.0,0.5,50,240
1345,1.0,0.0,1.0,50,240
1346,0.97,0.9979959919839679,1.5,50,240
1347,0.416,1.0,2.0,50,240
1348,0.004,1.0,2.5,50,240
1349,0.002,1.0,3.0,50,240
1350,0.002,1.0,3.5,50,240
1351,0.002,1.0,4.0,50,240
1352,0.002,1.0,4.5,50,240
1353,0.002,1.0,5.0,50,240
1354,0.002,1.0,5.5,50,240
1355,0.002,1.0,6.0,50,240
1356,0.002,1.0,6.5,50,240
1357,0.002,1.0,7.0,50,240
1358,0.002,1.0,7.5,50,240
1359,0.002,1.0,8.0,50,240
1360,0.0,1.0,0.0,75,240
1361,0.156,1.0,0.5,75,240
1362,1.0,0.0,1.0,75,240
1363,1.0,0.9959919839679359,1.5,75,240
1364,0.856,1.0,2.0,75,240
1365,0.562,1.0,2.5,75,240
1366,0.036,1.0,3.0,75,240
1367,0.002,1.0,3.5,75,240
1368,0.002,1.0,4.0,75,240
1369,0.002,1.0,4.5,75,240
1370,0.002,1.0,5.0,75,240
1371,0.002,1.0,5.5,75,240
1372,0.002,1.0,6.0,75,240
1373,0.002,1.0,6.5,75,240
1374,0.002,1.0,7.0,75,240
1375,0.002,1.0,7.5,75,240
1376,0.002,1.0,8.0,75,240
1377,0.0,1.0,0.0,100,240
1378,0.526,1.0,0.5,100,240
1379,1.0,0.0,1.0,100,240
1380,1.0,0.9819639278557114,1.5,100,240
1381,0.968,1.0,2.0,100,240
1382,0.784,1.0,2.5,100,240
1383,0.614,1.0,3.0,100,240
1384,0.248,1.0,3.5,100,240
1385,0.038,1.0,4.0,100,240
1386,0.002,1.0,4.5,100,240
1387,0.002,1.0,5.0,100,240
1388,0.002,1.0,5.5,100,240
1389,0.002,1.0,6.0,100,240
1390,0.002,1.0,6.5,100,240
1391,0.002,1.0,7.0,100,240
1392,0.002,1.0,7.5,100,240
1393,0.002,1.0,8.0,100,240
1394,0.0,1.0,0.0,125,240
1395,0.66,1.0,0.5,125,240
1396,1.0,0.0,1.0,125,240
1397,1.0,0.9659318637274549,1.5,125,240
1398,1.0,0.9979959919839679,2.0,125,240
1399,0.886,1.0,2.5,125,240
1400,0.718,1.0,3.0,125,240
1401,0.512,1.0,3.5,125,240
1402,0.25,1.0,4.0,125,240
1403,0.062,1.0,4.5,125,240
1404,0.008,1.0,5.0,125,240
1405,0.002,1.0,5.5,125,240
1406,0.002,1.0,6.0,125,240
1407,0.002,1.0,6.5,125,240
1408,0.002,1.0,7.0,125,240
1409,0.002,1.0,7.5,125,240
1410,0.002,1.0,8.0,125,240
1411,0.0,1.0,0.0,150,240
1412,0.708,1.0,0.5,150,240
1413,1.0,0.0,1.0,150,240
1414,1.0,0.9198396793587175,1.5,150,240
1415,1.0,0.9979959919839679,2.0,150,240
1416,0.958,1.0,2.5,150,240
1417,0.806,1.0,3.0,150,240
1418,0.602,1.0,3.5,150,240
1419,0.376,1.0,4.0,150,240
1420,0.15,1.0,4.5,150,240
1421,0.042,1.0,5.0,150,240
1422,0.002,1.0,5.5,150,240
1423,0.002,1.0,6.0,150,240
1424,0.002,1.0,6.5,150,240
1425,0.002,1.0,7.0,150,240
1426,0.002,1.0,7.5,150,240
1427,0.002,1.0,8.0,150,240
1428,0.0,1.0,0.0,0,260
1429,0.0,1.0,0.5,0,260
1430,0.0,1.0,1.0,0,260
1431,0.0,1.0,1.5,0,260
1432,0.0,1.0,2.0,0,260
1433,0.0,1.0,2.5,0,260
1434,0.0,1.0,3.0,0,260
1435,0.0,1.0,3.5,0,260
1436,0.0,1.0,4.0,0,260
1437,0.0,1.0,4.5,0,260
1438,0.0,1.0,5.0,0,260
1439,0.0,1.0,5.5,0,260
1440,0.0,1.0,6.0,0,260
1441,0.0,1.0,6.5,0,260
1442,0.0,1.0,7.0,0,260
1443,0.0,1.0,7.5,0,260
1444,0.0,1.0,8.0,0,260
1445,0.0,1.0,0.0,25,260
1446,0.0,1.0,0.5,25,260
1447,1.0,0.0,1.0,25,260
1448,0.106,1.0,1.5,25,260
1449,0.002,1.0,2.0,25,260
1450,0.002,1.0,2.5,25,260
1451,0.002,1.0,3.0,25,260
1452,0.002,1.0,3.5,25,260
1453,0.002,1.0,4.0,25,260
1454,0.002,1.0,4.5,25,260
1455,0.002,1.0,5.0,25,260
1456,0.002,1.0,5.5,25,260
1457,0.002,1.0,6.0,25,260
1458,0.002,1.0,6.5,25,260
1459,0.002,1.0,7.0,25,260
1460,0.002,1.0,7.5,25,260
1461,0.002,1.0,8.0,25,260
1462,0.0,1.0,0.0,50,260
1463,0.0,1.0,0.5,50,260
1464,1.0,0.0,1.0,50,260
1465,0.942,1.0,1.5,50,260
1466,0.304,1.0,2.0,50,260
1467,0.002,1.0,2.5,50,260
1468,0.002,1.0,3.0,50,260
1469,0.002,1.0,3.5,50,260
1470,0.002,1.0,4.0,50,260
1471,0.002,1.0,4.5,50,260
1472,0.002,1.0,5.0,50,260
1473,0.002,1.0,5.5,50,260
1474,0.002,1.0,6.0,50,260
1475,0.002,1.0,6.5,50,260
1476,0.002,1.0,7.0,50,260
1477,0.002,1.0,7.5,50,260
1478,0.002,1.0,8.0,50,260
1479,0.0,1.0,0.0,75,260
1480,0.102,1.0,0.5,75,260
1481,1.0,0.0,1.0,75,260
1482,1.0,0.9979959919839679,1.5,75,260
1483,0.828,1.0,2.0,75,260
1484,0.464,1.0,2.5,75,260
1485,0.004,1.0,3.0,75,260
1486,0.002,1.0,3.5,75,260
1487,0.002,1.0,4.0,75,260
1488,0.002,1.0,4.5,75,260
1489,0.002,1.0,5.0,75,260
1490,0.002,1.0,5.5,75,260
1491,0.002,1.0,6.0,75,260
1492,0.002,1.0,6.5,75,260
1493,0.002,1.0,7.0,75,260
1494,0.002,1.0,7.5,75,260
1495,0.002,1.0,8.0,75,260
1496,0.0,1.0,0.0,100,260
1497,0.446,1.0,0.5,100,260
1498,1.0,0.0,1.0,100,260
1499,1.0,0.9939879759519038,1.5,100,260
1500,0.946,1.0,2.0,100,260
1501,0.748,1.0,2.5,100,260
1502,0.528,1.0,3.0,100,260
1503,0.11,1.0,3.5,100,260
1504,0.002,1.0,4.0,100,260
1505,0.002,1.0,4.5,100,260
1506,0.002,1.0,5.0,100,260
1507,0.002,1.0,5.5,100,260
1508,0.002,1.0,6.0,100,260
1509,0.002,1.0,6.5,100,260
1510,0.002,1.0,7.0,100,260
1511,0.002,1.0,7.5,100,260
1512,0.002,1.0,8.0,100,260
1513,0.0,1.0,0.0,125,260
1514,0.618,1.0,0.5,125,260
1515,1.0,0.0,1.0,125,260
1516,1.0,0.9779559118236473,1.5,125,260
1517,1.0,1.0,2.0,125,260
1518,0.84,1.0,2.5,125,260
1519,0.65,1.0,3.0,125,260
1520,0.406,1.0,3.5,125,260
1521,0.104,1.0,4.0,125,260
1522,0.014,1.0,4.5,125,260
1523,0.002,1.0,5.0,125,260
1524,0.002,1.0,5.5,125,260
1525,0.002,1.0,6.0,125,260
1526,0.002,1.0,6.5,125,260
1527,0.002,1.0,7.0,125,260
1528,0.002,1.0,7.5,125,260
1529,0.002,1.0,8.0,125,260
1530,0.0,1.0,0.0,150,260
1531,0.678,1.0,0.5,150,260
1532,1.0,0.0,1.0,150,260
1533,1.0,0.9619238476953907,1.5,150,260
1534,1.0,0.9979959919839679,2.0,150,260
1535,0.924,1.0,2.5,150,260
1536,0.746,1.0,3.0,150,260
1537,0.518,1.0,3.5,150,260
1538,0.248,1.0,4.0,150,260
1539,0.062,1.0,4.5,150,260
1540,0.004,1.0,5.0,150,260
1541,0.002,1.0,5.5,150,260
1542,0.002,1.0,6.0,150,260
1543,0.002,1.0,6.5,150,260
1544,0.002,1.0,7.0,150,260
1545,0.002,1.0,7.5,150,260
1546,0.002,1.0,8.0,150,260
1547,0.0,1.0,0.0,0,280
1548,0.0,1.0,0.5,0,280
1549,0.0,1.0,1.0,0,280
1550,0.0,1.0,1.5,0,280
1551,0.0,1.0,2.0,0,280
1552,0.0,1.0,2.5,0,280
1553,0.0,1.0,3.0,0,280
1554,0.0,1.0,3.5,0,280
1555,0.0,1.0,4.0,0,280
1556,0.0,1.0,4.5,0,280
1557,0.0,1.0,5.0,0,280
1558,0.0,1.0,5.5,0,280
1559,0.0,1.0,6.0,0,280
1560,0.0,1.0,6.5,0,280
1561,0.0,1.0,7.0,0,280
1562,0.0,1.0,7.5,0,280
1563,0.0,1.0,8.0,0,280
1564,0.0,1.0,0.0,25,280
1565,0.0,1.0,0.5,25,280
1566,1.0,0.0,1.0,25,280
1567,0.032,1.0,1.5,25,280
1568,0.002,1.0,2.0,25,280
1569,0.002,1.0,2.5,25,280
1570,0.002,1.0,3.0,25,280
1571,0.002,1.0,3.5,25,280
1572,0.002,1.0,4.0,25,280
1573,0.002,1.0,4.5,25,280
1574,0.002,1.0,5.0,25,280
1575,0.002,1.0,5.5,25,280
1576,0.002,1.0,6.0,25,280
1577,0.002,1.0,6.5,25,280
1578,0.002,1.0,7.0,25,280
1579,0.002,1.0,7.5,25,280
1580,0.002,1.0,8.0,25,280
1581,0.0,1.0,0.0,50,280
1582,0.0,1.0,0.5,50,280
1583,1.0,0.0,1.0,50,280
1584,0.93,1.0,1.5,50,280
1585,0.19,1.0,2.0,50,280
1586,0.002,1.0,2.5,50,280
1587,0.002,1.0,3.0,50,280
1588,0.002,1.0,3.5,50,280
1589,0.002,1.0,4.0,50,280
1590,0.002,1.0,4.5,50,280
1591,0.002,1.0,5.0,50,280
1592,0.002,1.0,5.5,50,280
1593,0.002,1.0,6.0,50,280
1594,0.002,1.0,6.5,50,280
1595,0.002,1.0,7.0,50,280
1596,0.002,1.0,7.5,50,280
1597,0.002,1.0,8.0,50,280
1598,0.0,1.0,0.0,75,280
1599,0.054,1.0,0.5,75,280
1600,1.0,0.0,1.0,75,280
1601,1.0,1.0,1.5,75,280
1602,0.796,1.0,2.0,75,280
1603,0.32,1.0,2.5,75,280
1604,0.002,1.0,3.0,75,280
1605,0.002,1.0,3.5,75,280
1606,0.002,1.0,4.0,75,280
1607,0.002,1.0,4.5,75,280
1608,0.002,1.0,5.0,75,280
1609,0.002,1.0,5.5,75,280
1610,0.002,1.0,6.0,75,280
1611,0.002,1.0,6.5,75,280
1612,0.002,1.0,7.0,75,280
1613,0.002,1.0,7.5,75,280
1614,0.002,1.0,8.0,75,280
1615,0.0,1.0,0.0,100,280
1616,0.352,1.0,0.5,100,280
1617,1.0,0.0,1.0,100,280
1618,1.0,0.9979959919839679,1.5,100,280
1619,0.916,1.0,2.0,100,280
1620,0.714,1.0,2.5,100,280
1621,0.4,1.0,3.0,100,280
1622,0.042,1.0,3.5,100,280
1623,0.002,1.0,4.0,100,280
1624,0.002,1.0,4.5,100,280
1625,0.002,1.0,5.0,100,280
1626,0.002,1.0,5.5,100,280
1627,0.002,1.0,6.0,100,280
1628,0.002,1.0,6.5,100,280
1629,0.002,1.0,7.0,100,280
1630,0.002,1.0,7.5,100,280
1631,0.002,1.0,8.0,100,280
1632,0.0,1.0,0.0,125,280
1633,0.564,1.0,0.5,125,280
1634,1.0,0.0,1.0,125,280
1635,1.0,0.9899799599198397,1.5,125,280
1636,0.998,1.0,2.0,125,280
1637,0.8,1.0,2.5,125,280
1638,0.596,1.0,3.0,125,280
1639,0.29,1.0,3.5,125,280
1640,0.048,1.0,4.0,125,280
1641,0.002,1.0,4.5,125,280
1642,0.002,1.0,5.0,125,280
1643,0.002,1.0,5.5,125,280
1644,0.002,1.0,6.0,125,280
1645,0.002,1.0,6.5,125,280
1646,0.002,1.0,7.0,125,280
1647,0.002,1.0,7.5,125,280
1648,0.002,1.0,8.0,125,280
1649,0.0,1.0,0.0,150,280
1650,0.648,1.0,0.5,150,280
1651,1.0,0.0,1.0,150,280
1652,1.0,0.9779559118236473,1.5,150,280
1653,1.0,0.9979959919839679,2.0,150,280
1654,0.882,1.0,2.5,150,280
1655,0.658,1.0,3.0,150,280
1656,0.434,1.0,3.5,150,280
1657,0.132,1.0,4.0,150,280
1658,0.03,1.0,4.5,150,280
1659,0.002,1.0,5.0,150,280
1660,0.002,1.0,5.5,150,280
1661,0.002,1.0,6.0,150,280
1662,0.002,1.0,6.5,150,280
1663,0.002,1.0,7.0,150,280
1664,0.002,1.0,7.5,150,280
1665,0.002,1.0,8.0,150,280
1666,0.0,1.0,0.0,0,300
1667,0.0,1.0,0.5,0,300
1668,0.0,1.0,1.0,0,300
1669,0.0,1.0,1.5,0,300
1670,0.0,1.0,2.0,0,300
1671,0.0,1.0,2.5,0,300
1672,0.0,1.0,3.0,0,300
1673,0.0,1.0,3.5,0,300
1674,0.0,1.0,4.0,0,300
1675,0.0,1.0,4.5,0,300
1676,0.0,1.0,5.0,0,300
1677,0.0,1.0,5.5,0,300
1678,0.0,1.0,6.0,0,300
1679,0.0,1.0,6.5,0,300
1680,0.0,1.0,7.0,0,300
1681,0.0,1.0,7.5,0,300
1682,0.0,1.0,8.0,0,300
1683,0.0,1.0,0.0,25,300
1684,0.0,1.0,0.5,25,300
1685,1.0,0.0,1.0,25,300
1686,0.016,1.0,1.5,25,300
1687,0.002,1.0,2.0,25,300
1688,0.002,1.0,2.5,25,300
1689,0.002,1.0,3.0,25,300
1690,0.002,1.0,3.5,25,300
1691,0.002,1.0,4.0,25,300
1692,0.002,1.0,4.5,25,300
1693,0.002,1.0,5.0,25,300
1694,0.002,1.0,5.5,25,300
1695,0.002,1.0,6.0,25,300
1696,0.002,1.0,6.5,25,300
1697,0.002,1.0,7.0,25,300
1698,0.002,1.0,7.5,25,300
1699,0.002,1.0,8.0,25,300
1700,0.0,1.0,0.0,50,300
1701,0.0,1.0,0.5,50,300
1702,1.0,0.0,1.0,50,300
1703,0.906,1.0,1.5,50,300
1704,0.1,1.0,2.0,50,300
1705,0.002,1.0,2.5,50,300
1706,0.002,1.0,3.0,50,300
1707,0.002,1.0,3.5,50,300
1708,0.002,1.0,4.0,50,300
1709,0.002,1.0,4.5,50,300
1710,0.002,1.0,5.0,50,300
1711,0.002,1.0,5.5,50,300
1712,0.002,1.0,6.0,50,300
1713,0.002,1.0,6.5,50,300
1714,0.002,1.0,7.0,50,300
1715,0.002,1.0,7.5,50,300
1716,0.002,1.0,8.0,50,300
1717,0.0,1.0,0.0,75,300
1718,0.024,1.0,0.5,75,300
1719,1.0,0.0,1.0,75,300
1720,0.998,1.0,1.5,75,300
1721,0.76,1.0,2.0,75,300
1722,0.17,1.0,2.5,75,300
1723,0.002,1.0,3.0,75,300
1724,0.002,1.0,3.5,75,300
1725,0.002,1.0,4.0,75,300
1726,0.002,1.0,4.5,75,300
1727,0.002,1.0,5.0,75,300
1728,0.002,1.0,5.5,75,300
1729,0.002,1.0,6.0,75,300
1730,0.002,1.0,6.5,75,300
1731,0.002,1.0,7.0,75,300
1732,0.002,1.0,7.5,75,300
1733,0.002,1.0,8.0,75,300
1734,0.0,1.0,0.0,100,300
1735,0.284,1.0,0.5,100,300
1736,1.0,0.0,1.0,100,300
1737,1.0,0.9979959919839679,1.5,100,300
1738,0.882,1.0,2.0,100,300
1739,0.666,1.0,2.5,100,300
1740,0.254,1.0,3.0,100,300
1741,0.016,1.0,3.5,100,300
1742,0.002,1.0,4.0,100,300
1743,0.002,1.0,4.5,100,300
1744,0.002,1.0,5.0,100,300
1745,0.002,1.0,5.5,100,300
1746,0.002,1.0,6.0,100,300
1747,0.002,1.0,6.5,100,300
1748,0.002,1.0,7.0,100,300
1749,0.002,1.0,7.5,100,300
1750,0.002,1.0,8.0,100,300
1751,0.0,1.0,0.0,125,300
1752,0.524,1.0,0.5,125,300
1753,1.0,0.0,1.0,125,300
1754,1.0,0.9959919839679359,1.5,125,300
1755,0.982,1.0,2.0,125,300
1756,0.766,1.0,2.5,125,300
1757,0.536,1.0,3.0,125,300
1758,0.166,1.0,3.5,125,300
1759,0.022,1.0,4.0,125,300
1760,0.002,1.0,4.5,125,300
1761,0.002,1.0,5.0,125,300
1762,0.002,1.0,5.5,125,300
1763,0.002,1.0,6.0,125,300
1764,0.002,1.0,6.5,125,300
1765,0.002,1.0,7.0,125,300
1766,0.002,1.0,7.5,125,300
1767,0.002,1.0,8.0,125,300
1768,0.0,1.0,0.0,150,300
1769,0.612,1.0,0.5,150,300
1770,1.0,0.0,1.0,150,300
1771,1.0,0.9859719438877755,1.5,150,300
1772,1.0,1.0,2.0,150,300
1773,0.844,1.0,2.5,150,300
1774,0.598,1.0,3.0,150,300
1775,0.292,1.0,3.5,150,300
1776,0.074,1.0,4.0,150,300
1777,0.008,1.0,4.5,150,300
1778,0.002,1.0,5.0,150,300
1779,0.002,1.0,5.5,150,300
1780,0.002,1.0,6.0,150,300
1781,0.002,1.0,6.5,150,300
1782,0.002,1.0,7.0,150,300
1783,0.002,1.0,7.5,150,300
1784,0.002,1.0,8.0,150,300
