,sensitivity,specificity,inv_frac,delay_samples,decay_part
0,0.0,1.0,0.0,0,900
1,0.0,1.0,0.5,0,900
2,0.0,1.0,1.0,0,900
3,0.0,1.0,1.5,0,900
4,0.0,1.0,2.0,0,900
5,0.0,1.0,2.5,0,900
6,0.0,1.0,3.0,0,900
7,0.0,1.0,3.5,0,900
8,0.0,1.0,4.0,0,900
9,0.0,1.0,4.5,0,900
10,0.0,1.0,5.0,0,900
11,0.0,1.0,5.5,0,900
12,0.0,1.0,6.0,0,900
13,0.0,1.0,6.5,0,900
14,0.0,1.0,7.0,0,900
15,0.0,1.0,7.5,0,900
16,0.0,1.0,0.0,25,900
17,0.996,0.002004008016032064,0.5,25,900
18,1.0,0.0,1.0,25,900
19,1.0,0.0,1.5,25,900
20,1.0,0.0,2.0,25,900
21,0.902,0.036072144288577156,2.5,25,900
22,0.602,0.2785571142284569,3.0,25,900
23,0.346,0.5490981963927856,3.5,25,900
24,0.234,0.7535070140280561,4.0,25,900
25,0.156,0.8496993987975952,4.5,25,900
26,0.088,0.9078156312625251,5.0,25,900
27,0.06,0.9398797595190381,5.5,25,900
28,0.04,0.9619238476953907,6.0,25,900
29,0.03,0.9799599198396793,6.5,25,900
30,0.02,0.9839679358717435,7.0,25,900
31,0.012,0.9919839679358717,7.5,25,900
32,0.0,1.0,0.0,50,900
33,1.0,0.0,0.5,50,900
34,1.0,0.0,1.0,50,900
35,1.0,0.0,1.5,50,900
36,1.0,0.0,2.0,50,900
37,1.0,0.01002004008016032,2.5,50,900
38,0.99,0.1462925851703407,3.0,50,900
39,0.936,0.42084168336673344,3.5,50,900
40,0.776,0.6533066132264529,4.0,50,900
41,0.578,0.7735470941883767,4.5,50,900
42,0.428,0.8617234468937875,5.0,50,900
43,0.322,0.9138276553106213,5.5,50,900
44,0.258,0.9418837675350702,6.0,50,900
45,0.19,0.9639278557114228,6.5,50,900
46,0.132,0.9779559118236473,7.0,50,900
47,0.086,0.9859719438877755,7.5,50,900
48,0.0,1.0,0.0,75,900
49,1.0,0.0,0.5,75,900
50,1.0,0.0,1.0,75,900
51,1.0,0.0,1.5,75,900
52,1.0,0.0,2.0,75,900
53,1.0,0.018036072144288578,2.5,75,900
54,0.996,0.17034068136272545,3.0,75,900
55,0.958,0.4088176352705411,3.5,75,900
56,0.92,0.625250501002004,4.0,75,900
57,0.86,0.7715430861723447,4.5,75,900
58,0.808,0.8557114228456913,5.0,75,900
59,0.73,0.9098196392785571,5.5,75,900
60,0.634,0.9539078156312625,6.0,75,900
61,0.538,0.9679358717434869,6.5,75,900
62,0.454,0.9799599198396793,7.0,75,900
63,0.392,0.9819639278557114,7.5,75,900
64,0.0,1.0,0.0,100,900
65,1.0,0.0,0.5,100,900
66,1.0,0.0,1.0,100,900
67,1.0,0.0,1.5,100,900
68,1.0,0.0,2.0,100,900
69,1.0,0.02004008016032064,2.5,100,900
70,1.0,0.156312625250501,3.0,100,900
71,1.0,0.37675350701402804,3.5,100,900
72,0.988,0.6072144288577155,4.0,100,900
73,0.966,0.751503006012024,4.5,100,900
74,0.936,0.8336673346693386,5.0,100,900
75,0.89,0.8837675350701403,5.5,100,900
76,0.846,0.9318637274549099,6.0,100,900
77,0.802,0.9599198396793587,6.5,100,900
78,0.75,0.9759519038076152,7.0,100,900
79,0.718,0.9879759519038076,7.5,100,900
80,0.0,1.0,0.0,125,900
81,1.0,0.0,0.5,125,900
82,1.0,0.0,1.0,125,900
83,1.0,0.0,1.5,125,900
84,1.0,0.0,2.0,125,900
85,1.0,0.02004008016032064,2.5,125,900
86,1.0,0.15831663326653306,3.0,125,900
87,1.0,0.4168336673346693,3.5,125,900
88,0.998,0.6072144288577155,4.0,125,900
89,0.992,0.7555110220440882,4.5,125,900
90,0.972,0.8376753507014028,5.0,125,900
91,0.942,0.8857715430861723,5.5,125,900
92,0.916,0.9218436873747495,6.0,125,900
93,0.876,0.9539078156312625,6.5,125,900
94,0.822,0.969939879759519,7.0,125,900
95,0.776,0.9839679358717435,7.5,125,900
96,0.0,1.0,0.0,150,900
97,1.0,0.0,0.5,150,900
98,1.0,0.0,1.0,150,900
99,1.0,0.0,1.5,150,900
100,1.0,0.0,2.0,150,900
101,1.0,0.01603206412825651,2.5,150,900
102,1.0,0.15831663326653306,3.0,150,900
103,1.0,0.39478957915831664,3.5,150,900
104,0.996,0.6132264529058116,4.0,150,900
105,0.99,0.7635270541082164,4.5,150,900
106,0.982,0.843687374749499,5.0,150,900
107,0.966,0.9198396793587175,5.5,150,900
108,0.93,0.9559118236472945,6.0,150,900
109,0.904,0.9719438877755511,6.5,150,900
110,0.868,0.9819639278557114,7.0,150,900
111,0.836,0.9899799599198397,7.5,150,900
112,0.0,1.0,0.0,0,905
113,0.0,1.0,0.5,0,905
114,0.0,1.0,1.0,0,905
115,0.0,1.0,1.5,0,905
116,0.0,1.0,2.0,0,905
117,0.0,1.0,2.5,0,905
118,0.0,1.0,3.0,0,905
119,0.0,1.0,3.5,0,905
120,0.0,1.0,4.0,0,905
121,0.0,1.0,4.5,0,905
122,0.0,1.0,5.0,0,905
123,0.0,1.0,5.5,0,905
124,0.0,1.0,6.0,0,905
125,0.0,1.0,6.5,0,905
126,0.0,1.0,7.0,0,905
127,0.0,1.0,7.5,0,905
128,0.0,1.0,0.0,25,905
129,0.992,0.002004008016032064,0.5,25,905
130,1.0,0.0,1.0,25,905
131,1.0,0.0,1.5,25,905
132,1.0,0.0,2.0,25,905
133,0.862,0.06412825651302605,2.5,25,905
134,0.56,0.34468937875751504,3.0,25,905
135,0.316,0.6352705410821643,3.5,25,905
136,0.218,0.7955911823647295,4.0,25,905
137,0.142,0.8797595190380761,4.5,25,905
138,0.082,0.9338677354709419,5.0,25,905
139,0.052,0.9619238476953907,5.5,25,905
140,0.034,0.9759519038076152,6.0,25,905
141,0.028,0.9859719438877755,6.5,25,905
142,0.016,0.9919839679358717,7.0,25,905
143,0.008,0.9979959919839679,7.5,25,905
144,0.0,1.0,0.0,50,905
145,1.0,0.002004008016032064,0.5,50,905
146,1.0,0.0,1.0,50,905
147,1.0,0.0,1.5,50,905
148,1.0,0.0,2.0,50,905
149,1.0,0.018036072144288578,2.5,50,905
150,0.99,0.17635270541082165,3.0,50,905
151,0.928,0.49298597194388777,3.5,50,905
152,0.762,0.685370741482966,4.0,50,905
153,0.544,0.8196392785571143,4.5,50,905
154,0.4,0.8857715430861723,5.0,50,905
155,0.306,0.9318637274549099,5.5,50,905
156,0.242,0.9579158316633266,6.0,50,905
157,0.164,0.9759519038076152,6.5,50,905
158,0.106,0.9839679358717435,7.0,50,905
159,0.078,0.9879759519038076,7.5,50,905
160,0.0,1.0,0.0,75,905
161,1.0,0.0,0.5,75,905
162,1.0,0.0,1.0,75,905
163,1.0,0.0,1.5,75,905
164,1.0,0.0,2.0,75,905
165,1.0,0.036072144288577156,2.5,75,905
166,0.996,0.1963927855711423,3.0,75,905
167,0.956,0.4729458917835671,3.5,75,905
168,0.91,0.6913827655310621,4.0,75,905
169,0.856,0.8016032064128257,4.5,75,905
170,0.8,0.8797595190380761,5.0,75,905
171,0.718,0.9298597194388778,5.5,75,905
172,0.618,0.9639278557114228,6.0,75,905
173,0.514,0.9739478957915831,6.5,75,905
174,0.444,0.9819639278557114,7.0,75,905
175,0.364,0.9879759519038076,7.5,75,905
176,0.0,1.0,0.0,100,905
177,1.0,0.0,0.5,100,905
178,1.0,0.0,1.0,100,905
179,1.0,0.0,1.5,100,905
180,1.0,0.0,2.0,100,905
181,1.0,0.03406813627254509,2.5,100,905
182,1.0,0.18236472945891782,3.0,100,905
183,0.998,0.4288577154308617,3.5,100,905
184,0.986,0.6332665330661322,4.0,100,905
185,0.966,0.7875751503006012,4.5,100,905
186,0.932,0.8557114228456913,5.0,100,905
187,0.88,0.9018036072144289,5.5,100,905
188,0.844,0.9478957915831663,6.0,100,905
189,0.794,0.9679358717434869,6.5,100,905
190,0.734,0.9819639278557114,7.0,100,905
191,0.716,0.9919839679358717,7.5,100,905
192,0.0,1.0,0.0,125,905
193,1.0,0.0,0.5,125,905
194,1.0,0.0,1.0,125,905
195,1.0,0.0,1.5,125,905
196,1.0,0.0,2.0,125,905
197,1.0,0.02404809619238477,2.5,125,905
198,1.0,0.1903807615230461,3.0,125,905
199,1.0,0.46893787575150303,3.5,125,905
200,0.998,0.6452905811623246,4.0,125,905
201,0.992,0.781563126252505,4.5,125,905
202,0.972,0.8557114228456913,5.0,125,905
203,0.936,0.905811623246493,5.5,125,905
204,0.908,0.9378757515030061,6.0,125,905
205,0.864,0.9619238476953907,6.5,125,905
206,0.816,0.9759519038076152,7.0,125,905
207,0.764,0.9859719438877755,7.5,125,905
208,0.0,1.0,0.0,150,905
209,1.0,0.0,0.5,150,905
210,1.0,0.0,1.0,150,905
211,1.0,0.0,1.5,150,905
212,1.0,0.0,2.0,150,905
213,1.0,0.018036072144288578,2.5,150,905
214,1.0,0.1843687374749499,3.0,150,905
215,1.0,0.4408817635270541,3.5,150,905
216,0.996,0.6633266533066132,4.0,150,905
217,0.988,0.7955911823647295,4.5,150,905
218,0.982,0.8777555110220441,5.0,150,905
219,0.966,0.9498997995991983,5.5,150,905
220,0.926,0.9619238476953907,6.0,150,905
221,0.902,0.9799599198396793,6.5,150,905
222,0.866,0.9859719438877755,7.0,150,905
223,0.822,0.9919839679358717,7.5,150,905
224,0.0,1.0,0.0,0,910
225,0.0,1.0,0.5,0,910
226,0.0,1.0,1.0,0,910
227,0.0,1.0,1.5,0,910
228,0.0,1.0,2.0,0,910
229,0.0,1.0,2.5,0,910
230,0.0,1.0,3.0,0,910
231,0.0,1.0,3.5,0,910
232,0.0,1.0,4.0,0,910
233,0.0,1.0,4.5,0,910
234,0.0,1.0,5.0,0,910
235,0.0,1.0,5.5,0,910
236,0.0,1.0,6.0,0,910
237,0.0,1.0,6.5,0,910
238,0.0,1.0,7.0,0,910
239,0.0,1.0,7.5,0,910
240,0.0,1.0,0.0,25,910
241,0.986,0.002004008016032064,0.5,25,910
242,1.0,0.0,1.0,25,910
243,1.0,0.0,1.5,25,910
244,0.998,0.0,2.0,25,910
245,0.832,0.10420841683366733,2.5,25,910
246,0.508,0.43687374749499,3.0,25,910
247,0.296,0.7134268537074149,3.5,25,910
248,0.194,0.843687374749499,4.0,25,910
249,0.12,0.9118236472945892,4.5,25,910
250,0.07,0.9478957915831663,5.0,25,910
251,0.042,0.9759519038076152,5.5,25,910
252,0.03,0.9839679358717435,6.0,25,910
253,0.022,0.9899799599198397,6.5,25,910
254,0.012,0.9979959919839679,7.0,25,910
255,0.008,1.0,7.5,25,910
256,0.0,1.0,0.0,50,910
257,1.0,0.002004008016032064,0.5,50,910
258,1.0,0.0,1.0,50,910
259,1.0,0.0,1.5,50,910
260,1.0,0.0,2.0,50,910
261,1.0,0.03406813627254509,2.5,50,910
262,0.986,0.22244488977955912,3.0,50,910
263,0.918,0.5370741482965932,3.5,50,910
264,0.738,0.7254509018036072,4.0,50,910
265,0.516,0.845691382765531,4.5,50,910
266,0.382,0.9078156312625251,5.0,50,910
267,0.286,0.9418837675350702,5.5,50,910
268,0.222,0.9659318637274549,6.0,50,910
269,0.156,0.9819639278557114,6.5,50,910
270,0.094,0.9879759519038076,7.0,50,910
271,0.068,0.9919839679358717,7.5,50,910
272,0.0,1.0,0.0,75,910
273,1.0,0.0,0.5,75,910
274,1.0,0.0,1.0,75,910
275,1.0,0.0,1.5,75,910
276,1.0,0.0,2.0,75,910
277,1.0,0.04408817635270541,2.5,75,910
278,0.992,0.23446893787575152,3.0,75,910
279,0.952,0.5250501002004008,3.5,75,910
280,0.906,0.7274549098196392,4.0,75,910
281,0.848,0.8216432865731463,4.5,75,910
282,0.79,0.8997995991983968,5.0,75,910
283,0.702,0.9498997995991983,5.5,75,910
284,0.606,0.9719438877755511,6.0,75,910
285,0.498,0.9779559118236473,6.5,75,910
286,0.426,0.9879759519038076,7.0,75,910
287,0.354,0.9959919839679359,7.5,75,910
288,0.0,1.0,0.0,100,910
289,1.0,0.0,0.5,100,910
290,1.0,0.0,1.0,100,910
291,1.0,0.0,1.5,100,910
292,1.0,0.0,2.0,100,910
293,1.0,0.04408817635270541,2.5,100,910
294,1.0,0.22645290581162325,3.0,100,910
295,0.998,0.49899799599198397,3.5,100,910
296,0.986,0.6973947895791583,4.0,100,910
297,0.96,0.8156312625250501,4.5,100,910
298,0.92,0.8797595190380761,5.0,100,910
299,0.872,0.9318637274549099,5.5,100,910
300,0.84,0.9619238476953907,6.0,100,910
301,0.788,0.9779559118236473,6.5,100,910
302,0.726,0.9859719438877755,7.0,100,910
303,0.706,0.9939879759519038,7.5,100,910
304,0.0,1.0,0.0,125,910
305,1.0,0.002004008016032064,0.5,125,910
306,1.0,0.0,1.0,125,910
307,1.0,0.0,1.5,125,910
308,1.0,0.0,2.0,125,910
309,1.0,0.04008016032064128,2.5,125,910
310,1.0,0.23446893787575152,3.0,125,910
311,1.0,0.5110220440881763,3.5,125,910
312,0.998,0.7094188376753507,4.0,125,910
313,0.988,0.8196392785571143,4.5,125,910
314,0.972,0.8797595190380761,5.0,125,910
315,0.932,0.9238476953907816,5.5,125,910
316,0.902,0.9579158316633266,6.0,125,910
317,0.856,0.9759519038076152,6.5,125,910
318,0.806,0.9859719438877755,7.0,125,910
319,0.758,0.9919839679358717,7.5,125,910
320,0.0,1.0,0.0,150,910
321,1.0,0.0,0.5,150,910
322,1.0,0.0,1.0,150,910
323,1.0,0.0,1.5,150,910
324,1.0,0.0,2.0,150,910
325,1.0,0.03406813627254509,2.5,150,910
326,1.0,0.24448897795591182,3.0,150,910
327,1.0,0.4969939879759519,3.5,150,910
328,0.996,0.7234468937875751,4.0,150,910
329,0.986,0.8176352705410822,4.5,150,910
330,0.98,0.9118236472945892,5.0,150,910
331,0.962,0.9519038076152304,5.5,150,910
332,0.916,0.9679358717434869,6.0,150,910
333,0.896,0.9859719438877755,6.5,150,910
334,0.858,0.9899799599198397,7.0,150,910
335,0.812,0.9979959919839679,7.5,150,910
336,0.0,1.0,0.0,0,915
337,0.0,1.0,0.5,0,915
338,0.0,1.0,1.0,0,915
339,0.0,1.0,1.5,0,915
340,0.0,1.0,2.0,0,915
341,0.0,1.0,2.5,0,915
342,0.0,1.0,3.0,0,915
343,0.0,1.0,3.5,0,915
344,0.0,1.0,4.0,0,915
345,0.0,1.0,4.5,0,915
346,0.0,1.0,5.0,0,915
347,0.0,1.0,5.5,0,915
348,0.0,1.0,6.0,0,915
349,0.0,1.0,6.5,0,915
350,0.0,1.0,7.0,0,915
351,0.0,1.0,7.5,0,915
352,0.0,1.0,0.0,25,915
353,0.974,0.008016032064128256,0.5,25,915
354,1.0,0.0,1.0,25,915
355,1.0,0.0,1.5,25,915
356,0.994,0.002004008016032064,2.0,25,915
357,0.802,0.16633266533066132,2.5,25,915
358,0.46,0.5090180360721442,3.0,25,915
359,0.268,0.7615230460921844,3.5,25,915
360,0.178,0.8637274549098196,4.0,25,915
361,0.102,0.9318637274549099,4.5,25,915
362,0.058,0.9739478957915831,5.0,25,915
363,0.038,0.9819639278557114,5.5,25,915
364,0.026,0.9899799599198397,6.0,25,915
365,0.014,0.9979959919839679,6.5,25,915
366,0.008,1.0,7.0,25,915
367,0.008,1.0,7.5,25,915
368,0.0,1.0,0.0,50,915
369,1.0,0.002004008016032064,0.5,50,915
370,1.0,0.0,1.0,50,915
371,1.0,0.0,1.5,50,915
372,1.0,0.0,2.0,50,915
373,1.0,0.050100200400801605,2.5,50,915
374,0.984,0.29458917835671344,3.0,50,915
375,0.896,0.5871743486973948,3.5,50,915
376,0.712,0.7755511022044088,4.0,50,915
377,0.498,0.8777555110220441,4.5,50,915
378,0.352,0.9218436873747495,5.0,50,915
379,0.276,0.9619238476953907,5.5,50,915
380,0.202,0.9759519038076152,6.0,50,915
381,0.138,0.9879759519038076,6.5,50,915
382,0.08,0.9899799599198397,7.0,50,915
383,0.066,0.9959919839679359,7.5,50,915
384,0.0,1.0,0.0,75,915
385,1.0,0.0,0.5,75,915
386,1.0,0.0,1.0,75,915
387,1.0,0.0,1.5,75,915
388,1.0,0.0,2.0,75,915
389,1.0,0.06412825651302605,2.5,75,915
390,0.988,0.30060120240480964,3.0,75,915
391,0.948,0.5851703406813628,3.5,75,915
392,0.898,0.7655310621242485,4.0,75,915
393,0.84,0.8617234468937875,4.5,75,915
394,0.782,0.9138276553106213,5.0,75,915
395,0.692,0.9679358717434869,5.5,75,915
396,0.588,0.9739478957915831,6.0,75,915
397,0.488,0.9879759519038076,6.5,75,915
398,0.404,0.9959919839679359,7.0,75,915
399,0.34,0.9979959919839679,7.5,75,915
400,0.0,1.0,0.0,100,915
401,1.0,0.0,0.5,100,915
402,1.0,0.0,1.0,100,915
403,1.0,0.0,1.5,100,915
404,1.0,0.0,2.0,100,915
405,1.0,0.06012024048096192,2.5,100,915
406,1.0,0.2725450901803607,3.0,100,915
407,0.998,0.5711422845691383,3.5,100,915
408,0.982,0.7354709418837675,4.0,100,915
409,0.954,0.843687374749499,4.5,100,915
410,0.912,0.9018036072144289,5.0,100,915
411,0.87,0.9519038076152304,5.5,100,915
412,0.828,0.969939879759519,6.0,100,915
413,0.776,0.9839679358717435,6.5,100,915
414,0.726,0.9919839679358717,7.0,100,915
415,0.7,0.9959919839679359,7.5,100,915
416,0.0,1.0,0.0,125,915
417,1.0,0.002004008016032064,0.5,125,915
418,1.0,0.0,1.0,125,915
419,1.0,0.0,1.5,125,915
420,1.0,0.0,2.0,125,915
421,1.0,0.05410821643286573,2.5,125,915
422,1.0,0.3246492985971944,3.0,125,915
423,1.0,0.5511022044088176,3.5,125,915
424,0.998,0.751503006012024,4.0,125,915
425,0.988,0.8496993987975952,4.5,125,915
426,0.968,0.9038076152304609,5.0,125,915
427,0.928,0.9418837675350702,5.5,125,915
428,0.902,0.9639278557114228,6.0,125,915
429,0.846,0.9819639278557114,6.5,125,915
430,0.796,0.9899799599198397,7.0,125,915
431,0.744,0.9919839679358717,7.5,125,915
432,0.0,1.0,0.0,150,915
433,1.0,0.0,0.5,150,915
434,1.0,0.0,1.0,150,915
435,1.0,0.0,1.5,150,915
436,1.0,0.0,2.0,150,915
437,1.0,0.050100200400801605,2.5,150,915
438,1.0,0.29458917835671344,3.0,150,915
439,1.0,0.5531062124248497,3.5,150,915
440,0.996,0.7535070140280561,4.0,150,915
441,0.986,0.8677354709418837,4.5,150,915
442,0.976,0.9318637274549099,5.0,150,915
443,0.958,0.9679358717434869,5.5,150,915
444,0.912,0.9799599198396793,6.0,150,915
445,0.884,0.9899799599198397,6.5,150,915
446,0.846,0.9979959919839679,7.0,150,915
447,0.802,0.9979959919839679,7.5,150,915
448,0.0,1.0,0.0,0,920
449,0.0,1.0,0.5,0,920
450,0.0,1.0,1.0,0,920
451,0.0,1.0,1.5,0,920
452,0.0,1.0,2.0,0,920
453,0.0,1.0,2.5,0,920
454,0.0,1.0,3.0,0,920
455,0.0,1.0,3.5,0,920
456,0.0,1.0,4.0,0,920
457,0.0,1.0,4.5,0,920
458,0.0,1.0,5.0,0,920
459,0.0,1.0,5.5,0,920
460,0.0,1.0,6.0,0,920
461,0.0,1.0,6.5,0,920
462,0.0,1.0,7.0,0,920
463,0.0,1.0,7.5,0,920
464,0.0,1.0,0.0,25,920
465,0.946,0.012024048096192385,0.5,25,920
466,1.0,0.0,1.0,25,920
467,1.0,0.0,1.5,25,920
468,0.992,0.004008016032064128,2.0,25,920
469,0.758,0.2565130260521042,2.5,25,920
470,0.42,0.6232464929859719,3.0,25,920
471,0.244,0.8236472945891784,3.5,25,920
472,0.152,0.9018036072144289,4.0,25,920
473,0.078,0.9579158316633266,4.5,25,920
474,0.044,0.9799599198396793,5.0,25,920
475,0.026,0.9899799599198397,5.5,25,920
476,0.022,0.9979959919839679,6.0,25,920
477,0.008,1.0,6.5,25,920
478,0.008,1.0,7.0,25,920
479,0.008,1.0,7.5,25,920
480,0.0,1.0,0.0,50,920
481,1.0,0.004008016032064128,0.5,50,920
482,1.0,0.0,1.0,50,920
483,1.0,0.0,1.5,50,920
484,1.0,0.0,2.0,50,920
485,1.0,0.0841683366733467,2.5,50,920
486,0.978,0.38276553106212424,3.0,50,920
487,0.89,0.6432865731462926,3.5,50,920
488,0.69,0.8176352705410822,4.0,50,920
489,0.47,0.9018036072144289,4.5,50,920
490,0.33,0.9418837675350702,5.0,50,920
491,0.256,0.969939879759519,5.5,50,920
492,0.174,0.9819639278557114,6.0,50,920
493,0.118,0.9919839679358717,6.5,50,920
494,0.074,0.9959919839679359,7.0,50,920
495,0.06,0.9979959919839679,7.5,50,920
496,0.0,1.0,0.0,75,920
497,1.0,0.0,0.5,75,920
498,1.0,0.0,1.0,75,920
499,1.0,0.0,1.5,75,920
500,1.0,0.002004008016032064,2.0,75,920
501,1.0,0.09218436873747494,2.5,75,920
502,0.986,0.36072144288577157,3.0,75,920
503,0.946,0.655310621242485,3.5,75,920
504,0.898,0.7955911823647295,4.0,75,920
505,0.83,0.8817635270541082,4.5,75,920
506,0.768,0.9498997995991983,5.0,75,920
507,0.678,0.9719438877755511,5.5,75,920
508,0.568,0.9819639278557114,6.0,75,920
509,0.464,0.9919839679358717,6.5,75,920
510,0.392,0.9979959919839679,7.0,75,920
511,0.318,0.9979959919839679,7.5,75,920
512,0.0,1.0,0.0,100,920
513,1.0,0.0,0.5,100,920
514,1.0,0.0,1.0,100,920
515,1.0,0.0,1.5,100,920
516,1.0,0.0,2.0,100,920
517,1.0,0.0841683366733467,2.5,100,920
518,1.0,0.3406813627254509,3.0,100,920
519,0.996,0.6232464929859719,3.5,100,920
520,0.978,0.781563126252505,4.0,100,920
521,0.948,0.8617234468937875,4.5,100,920
522,0.906,0.9258517034068137,5.0,100,920
523,0.864,0.9619238476953907,5.5,100,920
524,0.818,0.9799599198396793,6.0,100,920
525,0.766,0.9899799599198397,6.5,100,920
526,0.722,0.9939879759519038,7.0,100,920
527,0.686,0.9979959919839679,7.5,100,920
528,0.0,1.0,0.0,125,920
529,1.0,0.002004008016032064,0.5,125,920
530,1.0,0.0,1.0,125,920
531,1.0,0.0,1.5,125,920
532,1.0,0.0,2.0,125,920
533,1.0,0.08817635270541083,2.5,125,920
534,1.0,0.3847695390781563,3.0,125,920
535,1.0,0.6092184368737475,3.5,125,920
536,0.998,0.7895791583166333,4.0,125,920
537,0.984,0.875751503006012,4.5,125,920
538,0.964,0.9258517034068137,5.0,125,920
539,0.924,0.9559118236472945,5.5,125,920
540,0.898,0.9799599198396793,6.0,125,920
541,0.834,0.9839679358717435,6.5,125,920
542,0.786,0.9919839679358717,7.0,125,920
543,0.736,0.9939879759519038,7.5,125,920
544,0.0,1.0,0.0,150,920
545,1.0,0.002004008016032064,0.5,150,920
546,1.0,0.0,1.0,150,920
547,1.0,0.0,1.5,150,920
548,1.0,0.0,2.0,150,920
549,1.0,0.07615230460921844,2.5,150,920
550,1.0,0.35070140280561124,3.0,150,920
551,0.998,0.627254509018036,3.5,150,920
552,0.994,0.7935871743486974,4.0,150,920
553,0.986,0.8957915831663327,4.5,150,920
554,0.974,0.9519038076152304,5.0,150,920
555,0.942,0.9739478957915831,5.5,150,920
556,0.912,0.9879759519038076,6.0,150,920
557,0.88,0.9939879759519038,6.5,150,920
558,0.836,0.9979959919839679,7.0,150,920
559,0.786,0.9979959919839679,7.5,150,920
560,0.0,1.0,0.0,0,925
561,0.0,1.0,0.5,0,925
562,0.0,1.0,1.0,0,925
563,0.0,1.0,1.5,0,925
564,0.0,1.0,2.0,0,925
565,0.0,1.0,2.5,0,925
566,0.0,1.0,3.0,0,925
567,0.0,1.0,3.5,0,925
568,0.0,1.0,4.0,0,925
569,0.0,1.0,4.5,0,925
570,0.0,1.0,5.0,0,925
571,0.0,1.0,5.5,0,925
572,0.0,1.0,6.0,0,925
573,0.0,1.0,6.5,0,925
574,0.0,1.0,7.0,0,925
575,0.0,1.0,7.5,0,925
576,0.0,1.0,0.0,25,925
577,0.91,0.026052104208416832,0.5,25,925
578,1.0,0.0,1.0,25,925
579,1.0,0.0,1.5,25,925
580,0.99,0.01603206412825651,2.0,25,925
581,0.698,0.3346693386773547,2.5,25,925
582,0.378,0.6973947895791583,3.0,25,925
583,0.222,0.8597194388777555,3.5,25,925
584,0.138,0.9438877755511023,4.0,25,925
585,0.064,0.9759519038076152,4.5,25,925
586,0.038,0.9899799599198397,5.0,25,925
587,0.024,0.9979959919839679,5.5,25,925
588,0.014,1.0,6.0,25,925
589,0.008,1.0,6.5,25,925
590,0.008,1.0,7.0,25,925
591,0.004,1.0,7.5,25,925
592,0.0,1.0,0.0,50,925
593,1.0,0.004008016032064128,0.5,50,925
594,1.0,0.0,1.0,50,925
595,1.0,0.0,1.5,50,925
596,1.0,0.0,2.0,50,925
597,1.0,0.11823647294589178,2.5,50,925
598,0.978,0.4709418837675351,3.0,50,925
599,0.882,0.7194388777555111,3.5,50,925
600,0.66,0.8597194388777555,4.0,50,925
601,0.438,0.9198396793587175,4.5,50,925
602,0.31,0.9639278557114228,5.0,50,925
603,0.234,0.9779559118236473,5.5,50,925
604,0.148,0.9919839679358717,6.0,50,925
605,0.09,0.9959919839679359,6.5,50,925
606,0.068,0.9979959919839679,7.0,50,925
607,0.056,1.0,7.5,50,925
608,0.0,1.0,0.0,75,925
609,1.0,0.0,0.5,75,925
610,1.0,0.0,1.0,75,925
611,1.0,0.0,1.5,75,925
612,1.0,0.004008016032064128,2.0,75,925
613,1.0,0.13026052104208416,2.5,75,925
614,0.978,0.4468937875751503,3.0,75,925
615,0.942,0.7054108216432866,3.5,75,925
616,0.886,0.8316633266533067,4.0,75,925
617,0.824,0.9078156312625251,4.5,75,925
618,0.754,0.9679358717434869,5.0,75,925
619,0.662,0.9799599198396793,5.5,75,925
620,0.544,0.9919839679358717,6.0,75,925
621,0.44,0.9979959919839679,6.5,75,925
622,0.366,0.9979959919839679,7.0,75,925
623,0.296,1.0,7.5,75,925
624,0.0,1.0,0.0,100,925
625,1.0,0.002004008016032064,0.5,100,925
626,1.0,0.0,1.0,100,925
627,1.0,0.0,1.5,100,925
628,1.0,0.0,2.0,100,925
629,1.0,0.1062124248496994,2.5,100,925
630,1.0,0.4148296593186373,3.0,100,925
631,0.996,0.6753507014028056,3.5,100,925
632,0.974,0.8176352705410822,4.0,100,925
633,0.942,0.8897795591182365,4.5,100,925
634,0.9,0.9478957915831663,5.0,100,925
635,0.854,0.969939879759519,5.5,100,925
636,0.808,0.9879759519038076,6.0,100,925
637,0.75,0.9939879759519038,6.5,100,925
638,0.71,0.9979959919839679,7.0,100,925
639,0.678,0.9979959919839679,7.5,100,925
640,0.0,1.0,0.0,125,925
641,1.0,0.004008016032064128,0.5,125,925
642,1.0,0.0,1.0,125,925
643,1.0,0.0,1.5,125,925
644,1.0,0.002004008016032064,2.0,125,925
645,1.0,0.13026052104208416,2.5,125,925
646,1.0,0.43286573146292584,3.0,125,925
647,1.0,0.6793587174348698,3.5,125,925
648,0.998,0.8276553106212425,4.0,125,925
649,0.984,0.8977955911823647,4.5,125,925
650,0.96,0.935871743486974,5.0,125,925
651,0.916,0.9719438877755511,5.5,125,925
652,0.884,0.9839679358717435,6.0,125,925
653,0.83,0.9899799599198397,6.5,125,925
654,0.77,0.9939879759519038,7.0,125,925
655,0.73,0.9959919839679359,7.5,125,925
656,0.0,1.0,0.0,150,925
657,1.0,0.004008016032064128,0.5,150,925
658,1.0,0.0,1.0,150,925
659,1.0,0.0,1.5,150,925
660,1.0,0.002004008016032064,2.0,150,925
661,1.0,0.11222444889779559,2.5,150,925
662,1.0,0.41082164328657317,3.0,150,925
663,0.998,0.6973947895791583,3.5,150,925
664,0.994,0.8356713426853707,4.0,150,925
665,0.984,0.9178356713426854,4.5,150,925
666,0.972,0.9599198396793587,5.0,150,925
667,0.936,0.9859719438877755,5.5,150,925
668,0.91,0.9919839679358717,6.0,150,925
669,0.874,0.9959919839679359,6.5,150,925
670,0.822,0.9979959919839679,7.0,150,925
671,0.77,1.0,7.5,150,925
672,0.0,1.0,0.0,0,930
673,0.0,1.0,0.5,0,930
674,0.0,1.0,1.0,0,930
675,0.0,1.0,1.5,0,930
676,0.0,1.0,2.0,0,930
677,0.0,1.0,2.5,0,930
678,0.0,1.0,3.0,0,930
679,0.0,1.0,3.5,0,930
680,0.0,1.0,4.0,0,930
681,0.0,1.0,4.5,0,930
682,0.0,1.0,5.0,0,930
683,0.0,1.0,5.5,0,930
684,0.0,1.0,6.0,0,930
685,0.0,1.0,6.5,0,930
686,0.0,1.0,7.0,0,930
687,0.0,1.0,7.5,0,930
688,0.0,1.0,0.0,25,930
689,0.79,0.050100200400801605,0.5,25,930
690,1.0,0.0,1.0,25,930
691,1.0,0.0,1.5,25,930
692,0.988,0.03206412825651302,2.0,25,930
693,0.636,0.4348697394789579,2.5,25,930
694,0.31,0.781563126252505,3.0,25,930
695,0.198,0.9038076152304609,3.5,25,930
696,0.108,0.969939879759519,4.0,25,930
697,0.048,0.9879759519038076,4.5,25,930
698,0.026,0.9979959919839679,5.0,25,930
699,0.016,1.0,5.5,25,930
700,0.008,1.0,6.0,25,930
701,0.008,1.0,6.5,25,930
702,0.004,1.0,7.0,25,930
703,0.004,1.0,7.5,25,930
704,0.0,1.0,0.0,50,930
705,0.998,0.008016032064128256,0.5,50,930
706,1.0,0.0,1.0,50,930
707,1.0,0.0,1.5,50,930
708,1.0,0.0,2.0,50,930
709,1.0,0.17234468937875752,2.5,50,930
710,0.974,0.5290581162324649,3.0,50,930
711,0.868,0.7575150300601202,3.5,50,930
712,0.624,0.8897795591182365,4.0,50,930
713,0.408,0.9378757515030061,4.5,50,930
714,0.286,0.9739478957915831,5.0,50,930
715,0.202,0.9859719438877755,5.5,50,930
716,0.136,0.9939879759519038,6.0,50,930
717,0.08,0.9979959919839679,6.5,50,930
718,0.062,1.0,7.0,50,930
719,0.04,1.0,7.5,50,930
720,0.0,1.0,0.0,75,930
721,1.0,0.0,0.5,75,930
722,1.0,0.0,1.0,75,930
723,1.0,0.0,1.5,75,930
724,1.0,0.01002004008016032,2.0,75,930
725,1.0,0.1623246492985972,2.5,75,930
726,0.974,0.5170340681362725,3.0,75,930
727,0.94,0.7394789579158316,3.5,75,930
728,0.874,0.8657314629258517,4.0,75,930
729,0.818,0.9458917835671342,4.5,75,930
730,0.742,0.9739478957915831,5.0,75,930
731,0.642,0.9879759519038076,5.5,75,930
732,0.524,0.9979959919839679,6.0,75,930
733,0.422,0.9979959919839679,6.5,75,930
734,0.336,1.0,7.0,75,930
735,0.282,1.0,7.5,75,930
736,0.0,1.0,0.0,100,930
737,1.0,0.002004008016032064,0.5,100,930
738,1.0,0.0,1.0,100,930
739,1.0,0.0,1.5,100,930
740,1.0,0.002004008016032064,2.0,100,930
741,1.0,0.15831663326653306,2.5,100,930
742,1.0,0.4749498997995992,3.0,100,930
743,0.994,0.7214428857715431,3.5,100,930
744,0.972,0.843687374749499,4.0,100,930
745,0.942,0.9198396793587175,4.5,100,930
746,0.886,0.9639278557114228,5.0,100,930
747,0.846,0.9799599198396793,5.5,100,930
748,0.796,0.9919839679358717,6.0,100,930
749,0.74,0.9959919839679359,6.5,100,930
750,0.7,0.9979959919839679,7.0,100,930
751,0.666,0.9979959919839679,7.5,100,930
752,0.0,1.0,0.0,125,930
753,1.0,0.006012024048096192,0.5,125,930
754,1.0,0.0,1.0,125,930
755,1.0,0.0,1.5,125,930
756,1.0,0.004008016032064128,2.0,125,930
757,1.0,0.16633266533066132,2.5,125,930
758,1.0,0.4909819639278557,3.0,125,930
759,1.0,0.7334669338677354,3.5,125,930
760,0.998,0.8597194388777555,4.0,125,930
761,0.982,0.9178356713426854,4.5,125,930
762,0.952,0.9619238476953907,5.0,125,930
763,0.914,0.9799599198396793,5.5,125,930
764,0.87,0.9879759519038076,6.0,125,930
765,0.81,0.9919839679358717,6.5,125,930
766,0.76,0.9959919839679359,7.0,125,930
767,0.716,0.9979959919839679,7.5,125,930
768,0.0,1.0,0.0,150,930
769,1.0,0.004008016032064128,0.5,150,930
770,1.0,0.0,1.0,150,930
771,1.0,0.0,1.5,150,930
772,1.0,0.006012024048096192,2.0,150,930
773,1.0,0.14228456913827656,2.5,150,930
774,1.0,0.48897795591182364,3.0,150,930
775,0.998,0.7334669338677354,3.5,150,930
776,0.992,0.8717434869739479,4.0,150,930
777,0.984,0.9458917835671342,4.5,150,930
778,0.97,0.9799599198396793,5.0,150,930
779,0.93,0.9879759519038076,5.5,150,930
780,0.904,0.9959919839679359,6.0,150,930
781,0.854,0.9979959919839679,6.5,150,930
782,0.812,1.0,7.0,150,930
783,0.762,1.0,7.5,150,930
784,0.0,1.0,0.0,0,935
785,0.0,1.0,0.5,0,935
786,0.0,1.0,1.0,0,935
787,0.0,1.0,1.5,0,935
788,0.0,1.0,2.0,0,935
789,0.0,1.0,2.5,0,935
790,0.0,1.0,3.0,0,935
791,0.0,1.0,3.5,0,935
792,0.0,1.0,4.0,0,935
793,0.0,1.0,4.5,0,935
794,0.0,1.0,5.0,0,935
795,0.0,1.0,5.5,0,935
796,0.0,1.0,6.0,0,935
797,0.0,1.0,6.5,0,935
798,0.0,1.0,7.0,0,935
799,0.0,1.0,7.5,0,935
800,0.0,1.0,0.0,25,935
801,0.676,0.1462925851703407,0.5,25,935
802,1.0,0.0,1.0,25,935
803,1.0,0.0,1.5,25,935
804,0.984,0.08617234468937876,2.0,25,935
805,0.588,0.5831663326653307,2.5,25,935
806,0.274,0.8356713426853707,3.0,25,935
807,0.17,0.9458917835671342,3.5,25,935
808,0.078,0.9839679358717435,4.0,25,935
809,0.036,0.9979959919839679,4.5,25,935
810,0.022,1.0,5.0,25,935
811,0.008,1.0,5.5,25,935
812,0.008,1.0,6.0,25,935
813,0.004,1.0,6.5,25,935
814,0.004,1.0,7.0,25,935
815,0.002,1.0,7.5,25,935
816,0.0,1.0,0.0,50,935
817,0.994,0.012024048096192385,0.5,50,935
818,1.0,0.0,1.0,50,935
819,1.0,0.0,1.5,50,935
820,1.0,0.006012024048096192,2.0,50,935
821,1.0,0.23446893787575152,2.5,50,935
822,0.966,0.5891783567134269,3.0,50,935
823,0.852,0.8276553106212425,3.5,50,935
824,0.588,0.9138276553106213,4.0,50,935
825,0.378,0.9659318637274549,4.5,50,935
826,0.27,0.9799599198396793,5.0,50,935
827,0.168,0.9939879759519038,5.5,50,935
828,0.102,0.9979959919839679,6.0,50,935
829,0.068,1.0,6.5,50,935
830,0.05,1.0,7.0,50,935
831,0.03,1.0,7.5,50,935
832,0.0,1.0,0.0,75,935
833,0.998,0.002004008016032064,0.5,75,935
834,1.0,0.0,1.0,75,935
835,1.0,0.0,1.5,75,935
836,1.0,0.014028056112224449,2.0,75,935
837,1.0,0.21042084168336672,2.5,75,935
838,0.972,0.5871743486973948,3.0,75,935
839,0.928,0.7835671342685371,3.5,75,935
840,0.866,0.8837675350701403,4.0,75,935
841,0.81,0.9679358717434869,4.5,75,935
842,0.728,0.9839679358717435,5.0,75,935
843,0.628,0.9939879759519038,5.5,75,935
844,0.508,0.9979959919839679,6.0,75,935
845,0.4,1.0,6.5,75,935
846,0.316,1.0,7.0,75,935
847,0.268,1.0,7.5,75,935
848,0.0,1.0,0.0,100,935
849,1.0,0.006012024048096192,0.5,100,935
850,1.0,0.0,1.0,100,935
851,1.0,0.0,1.5,100,935
852,1.0,0.004008016032064128,2.0,100,935
853,1.0,0.20240480961923848,2.5,100,935
854,1.0,0.5571142284569138,3.0,100,935
855,0.994,0.7595190380761523,3.5,100,935
856,0.972,0.8777555110220441,4.0,100,935
857,0.938,0.9458917835671342,4.5,100,935
858,0.878,0.9759519038076152,5.0,100,935
859,0.834,0.9879759519038076,5.5,100,935
860,0.782,0.9959919839679359,6.0,100,935
861,0.72,0.9959919839679359,6.5,100,935
862,0.69,0.9979959919839679,7.0,100,935
863,0.656,0.9979959919839679,7.5,100,935
864,0.0,1.0,0.0,125,935
865,1.0,0.008016032064128256,0.5,125,935
866,1.0,0.0,1.0,125,935
867,1.0,0.0,1.5,125,935
868,1.0,0.006012024048096192,2.0,125,935
869,1.0,0.22645290581162325,2.5,125,935
870,1.0,0.5571142284569138,3.0,125,935
871,1.0,0.7875751503006012,3.5,125,935
872,0.998,0.8997995991983968,4.0,125,935
873,0.978,0.9418837675350702,4.5,125,935
874,0.944,0.9779559118236473,5.0,125,935
875,0.91,0.9859719438877755,5.5,125,935
876,0.856,0.9919839679358717,6.0,125,935
877,0.798,0.9979959919839679,6.5,125,935
878,0.748,0.9979959919839679,7.0,125,935
879,0.71,1.0,7.5,125,935
880,0.0,1.0,0.0,150,935
881,1.0,0.01002004008016032,0.5,150,935
882,1.0,0.0,1.0,150,935
883,1.0,0.0,1.5,150,935
884,1.0,0.008016032064128256,2.0,150,935
885,1.0,0.19438877755511022,2.5,150,935
886,1.0,0.5571142284569138,3.0,150,935
887,0.998,0.7935871743486974,3.5,150,935
888,0.99,0.9118236472945892,4.0,150,935
889,0.984,0.9619238476953907,4.5,150,935
890,0.966,0.9879759519038076,5.0,150,935
891,0.924,0.9939879759519038,5.5,150,935
892,0.89,0.9959919839679359,6.0,150,935
893,0.846,0.9979959919839679,6.5,150,935
894,0.792,1.0,7.0,150,935
895,0.75,1.0,7.5,150,935
896,0.0,1.0,0.0,0,940
897,0.0,1.0,0.5,0,940
898,0.0,1.0,1.0,0,940
899,0.0,1.0,1.5,0,940
900,0.0,1.0,2.0,0,940
901,0.0,1.0,2.5,0,940
902,0.0,1.0,3.0,0,940
903,0.0,1.0,3.5,0,940
904,0.0,1.0,4.0,0,940
905,0.0,1.0,4.5,0,940
906,0.0,1.0,5.0,0,940
907,0.0,1.0,5.5,0,940
908,0.0,1.0,6.0,0,940
909,0.0,1.0,6.5,0,940
910,0.0,1.0,7.0,0,940
911,0.0,1.0,7.5,0,940
912,0.0,1.0,0.0,25,940
913,0.512,0.27655310621242485,0.5,25,940
914,1.0,0.0,1.0,25,940
915,1.0,0.0,1.5,25,940
916,0.962,0.156312625250501,2.0,25,940
917,0.534,0.6773547094188377,2.5,25,940
918,0.25,0.9038076152304609,3.0,25,940
919,0.14,0.969939879759519,3.5,25,940
920,0.048,0.9939879759519038,4.0,25,940
921,0.028,1.0,4.5,25,940
922,0.014,1.0,5.0,25,940
923,0.008,1.0,5.5,25,940
924,0.004,1.0,6.0,25,940
925,0.002,1.0,6.5,25,940
926,0.002,1.0,7.0,25,940
927,0.002,1.0,7.5,25,940
928,0.0,1.0,0.0,50,940
929,0.992,0.02404809619238477,0.5,50,940
930,1.0,0.0,1.0,50,940
931,1.0,0.0,1.5,50,940
932,1.0,0.022044088176352707,2.0,50,940
933,1.0,0.3166332665330661,2.5,50,940
934,0.964,0.6593186372745491,3.0,50,940
935,0.812,0.87374749498998,3.5,50,940
936,0.534,0.9438877755511023,4.0,50,940
937,0.332,0.9779559118236473,4.5,50,940
938,0.242,0.9919839679358717,5.0,50,940
939,0.15,0.9979959919839679,5.5,50,940
940,0.086,0.9979959919839679,6.0,50,940
941,0.062,1.0,6.5,50,940
942,0.038,1.0,7.0,50,940
943,0.02,1.0,7.5,50,940
944,0.0,1.0,0.0,75,940
945,0.994,0.012024048096192385,0.5,75,940
946,1.0,0.0,1.0,75,940
947,1.0,0.0,1.5,75,940
948,1.0,0.02004008016032064,2.0,75,940
949,1.0,0.27655310621242485,2.5,75,940
950,0.97,0.6613226452905812,3.0,75,940
951,0.92,0.8316633266533067,3.5,75,940
952,0.854,0.9318637274549099,4.0,75,940
953,0.802,0.9779559118236473,4.5,75,940
954,0.714,0.9899799599198397,5.0,75,940
955,0.606,0.9979959919839679,5.5,75,940
956,0.484,1.0,6.0,75,940
957,0.376,1.0,6.5,75,940
958,0.306,1.0,7.0,75,940
959,0.236,1.0,7.5,75,940
960,0.0,1.0,0.0,100,940
961,1.0,0.008016032064128256,0.5,100,940
962,1.0,0.0,1.0,100,940
963,1.0,0.0,1.5,100,940
964,1.0,0.01002004008016032,2.0,100,940
965,1.0,0.2685370741482966,2.5,100,940
966,1.0,0.6132264529058116,3.0,100,940
967,0.992,0.8056112224448898,3.5,100,940
968,0.968,0.9118236472945892,4.0,100,940
969,0.926,0.9619238476953907,4.5,100,940
970,0.87,0.9839679358717435,5.0,100,940
971,0.824,0.9939879759519038,5.5,100,940
972,0.774,0.9959919839679359,6.0,100,940
973,0.71,0.9979959919839679,6.5,100,940
974,0.684,0.9979959919839679,7.0,100,940
975,0.632,1.0,7.5,100,940
976,0.0,1.0,0.0,125,940
977,0.998,0.018036072144288578,0.5,125,940
978,1.0,0.0,1.0,125,940
979,1.0,0.0,1.5,125,940
980,1.0,0.008016032064128256,2.0,125,940
981,1.0,0.2865731462925852,2.5,125,940
982,1.0,0.6372745490981964,3.0,125,940
983,1.0,0.8296593186372746,3.5,125,940
984,0.998,0.9178356713426854,4.0,125,940
985,0.976,0.9599198396793587,4.5,125,940
986,0.938,0.9819639278557114,5.0,125,940
987,0.896,0.9899799599198397,5.5,125,940
988,0.846,0.9939879759519038,6.0,125,940
989,0.788,0.9979959919839679,6.5,125,940
990,0.738,1.0,7.0,125,940
991,0.706,1.0,7.5,125,940
992,0.0,1.0,0.0,150,940
993,1.0,0.01603206412825651,0.5,150,940
994,1.0,0.0,1.0,150,940
995,1.0,0.0,1.5,150,940
996,1.0,0.01603206412825651,2.0,150,940
997,1.0,0.2605210420841683,2.5,150,940
998,1.0,0.6312625250501002,3.0,150,940
999,0.998,0.8396793587174348,3.5,150,940
1000,0.99,0.9318637274549099,4.0,150,940
1001,0.982,0.9759519038076152,4.5,150,940
1002,0.962,0.9879759519038076,5.0,150,940
1003,0.916,0.9959919839679359,5.5,150,940
1004,0.882,0.9979959919839679,6.0,150,940
1005,0.828,1.0,6.5,150,940
1006,0.774,1.0,7.0,150,940
1007,0.738,1.0,7.5,150,940
1008,0.0,1.0,0.0,0,945
1009,0.0,1.0,0.5,0,945
1010,0.0,1.0,1.0,0,945
1011,0.0,1.0,1.5,0,945
1012,0.0,1.0,2.0,0,945
1013,0.0,1.0,2.5,0,945
1014,0.0,1.0,3.0,0,945
1015,0.0,1.0,3.5,0,945
1016,0.0,1.0,4.0,0,945
1017,0.0,1.0,4.5,0,945
1018,0.0,1.0,5.0,0,945
1019,0.0,1.0,5.5,0,945
1020,0.0,1.0,6.0,0,945
1021,0.0,1.0,6.5,0,945
1022,0.0,1.0,7.0,0,945
1023,0.0,1.0,7.5,0,945
1024,0.0,1.0,0.0,25,945
1025,0.366,0.5050100200400801,0.5,25,945
1026,1.0,0.0,1.0,25,945
1027,1.0,0.0,1.5,25,945
1028,0.942,0.2545090180360721,2.0,25,945
1029,0.468,0.7695390781563126,2.5,25,945
1030,0.216,0.9458917835671342,3.0,25,945
1031,0.094,0.9899799599198397,3.5,25,945
1032,0.04,1.0,4.0,25,945
1033,0.018,1.0,4.5,25,945
1034,0.008,1.0,5.0,25,945
1035,0.004,1.0,5.5,25,945
1036,0.002,1.0,6.0,25,945
1037,0.002,1.0,6.5,25,945
1038,0.002,1.0,7.0,25,945
1039,0.002,1.0,7.5,25,945
1040,0.0,1.0,0.0,50,945
1041,0.978,0.03406813627254509,0.5,50,945
1042,1.0,0.0,1.0,50,945
1043,1.0,0.0,1.5,50,945
1044,1.0,0.03807615230460922,2.0,50,945
1045,1.0,0.3867735470941884,2.5,50,945
1046,0.948,0.7535070140280561,3.0,50,945
1047,0.782,0.9178356713426854,3.5,50,945
1048,0.476,0.9659318637274549,4.0,50,945
1049,0.308,0.9859719438877755,4.5,50,945
1050,0.2,0.9979959919839679,5.0,50,945
1051,0.124,0.9979959919839679,5.5,50,945
1052,0.068,1.0,6.0,50,945
1053,0.044,1.0,6.5,50,945
1054,0.024,1.0,7.0,50,945
1055,0.012,1.0,7.5,50,945
1056,0.0,1.0,0.0,75,945
1057,0.99,0.02004008016032064,0.5,75,945
1058,1.0,0.0,1.0,75,945
1059,1.0,0.0,1.5,75,945
1060,1.0,0.03006012024048096,2.0,75,945
1061,1.0,0.34468937875751504,2.5,75,945
1062,0.968,0.7094188376753507,3.0,75,945
1063,0.914,0.8617234468937875,3.5,75,945
1064,0.846,0.9599198396793587,4.0,75,945
1065,0.788,0.9859719438877755,4.5,75,945
1066,0.704,0.9959919839679359,5.0,75,945
1067,0.592,1.0,5.5,75,945
1068,0.444,1.0,6.0,75,945
1069,0.346,1.0,6.5,75,945
1070,0.284,1.0,7.0,75,945
1071,0.208,1.0,7.5,75,945
1072,0.0,1.0,0.0,100,945
1073,0.996,0.028056112224448898,0.5,100,945
1074,1.0,0.0,1.0,100,945
1075,1.0,0.0,1.5,100,945
1076,1.0,0.022044088176352707,2.0,100,945
1077,1.0,0.33266533066132264,2.5,100,945
1078,1.0,0.687374749498998,3.0,100,945
1079,0.99,0.8577154308617234,3.5,100,945
1080,0.962,0.9338677354709419,4.0,100,945
1081,0.916,0.9779559118236473,4.5,100,945
1082,0.856,0.9899799599198397,5.0,100,945
1083,0.814,0.9959919839679359,5.5,100,945
1084,0.756,0.9959919839679359,6.0,100,945
1085,0.7,0.9979959919839679,6.5,100,945
1086,0.676,1.0,7.0,100,945
1087,0.618,1.0,7.5,100,945
1088,0.0,1.0,0.0,125,945
1089,0.996,0.028056112224448898,0.5,125,945
1090,1.0,0.0,1.0,125,945
1091,1.0,0.0,1.5,125,945
1092,1.0,0.01603206412825651,2.0,125,945
1093,1.0,0.35070140280561124,2.5,125,945
1094,1.0,0.7014028056112225,3.0,125,945
1095,1.0,0.8617234468937875,3.5,125,945
1096,0.998,0.9378757515030061,4.0,125,945
1097,0.972,0.9719438877755511,4.5,125,945
1098,0.928,0.9879759519038076,5.0,125,945
1099,0.882,0.9939879759519038,5.5,125,945
1100,0.83,0.9959919839679359,6.0,125,945
1101,0.78,1.0,6.5,125,945
1102,0.722,1.0,7.0,125,945
1103,0.694,1.0,7.5,125,945
1104,0.0,1.0,0.0,150,945
1105,0.998,0.028056112224448898,0.5,150,945
1106,1.0,0.0,1.0,150,945
1107,1.0,0.0,1.5,150,945
1108,1.0,0.028056112224448898,2.0,150,945
1109,1.0,0.35470941883767537,2.5,150,945
1110,1.0,0.7154308617234469,3.0,150,945
1111,0.998,0.8777555110220441,3.5,150,945
1112,0.99,0.9559118236472945,4.0,150,945
1113,0.98,0.9819639278557114,4.5,150,945
1114,0.948,0.9899799599198397,5.0,150,945
1115,0.914,0.9959919839679359,5.5,150,945
1116,0.872,1.0,6.0,150,945
1117,0.806,1.0,6.5,150,945
1118,0.768,1.0,7.0,150,945
1119,0.722,1.0,7.5,150,945
1120,0.0,1.0,0.0,0,950
1121,0.0,1.0,0.5,0,950
1122,0.0,1.0,1.0,0,950
1123,0.0,1.0,1.5,0,950
1124,0.0,1.0,2.0,0,950
1125,0.0,1.0,2.5,0,950
1126,0.0,1.0,3.0,0,950
1127,0.0,1.0,3.5,0,950
1128,0.0,1.0,4.0,0,950
1129,0.0,1.0,4.5,0,950
1130,0.0,1.0,5.0,0,950
1131,0.0,1.0,5.5,0,950
1132,0.0,1.0,6.0,0,950
1133,0.0,1.0,6.5,0,950
1134,0.0,1.0,7.0,0,950
1135,0.0,1.0,7.5,0,950
1136,0.0,1.0,0.0,25,950
1137,0.218,0.7414829659318637,0.5,25,950
1138,1.0,0.0,1.0,25,950
1139,1.0,0.0,1.5,25,950
1140,0.926,0.40681362725450904,2.0,25,950
1141,0.384,0.8577154308617234,2.5,25,950
1142,0.188,0.9799599198396793,3.0,25,950
1143,0.064,0.9959919839679359,3.5,25,950
1144,0.022,1.0,4.0,25,950
1145,0.008,1.0,4.5,25,950
1146,0.004,1.0,5.0,25,950
1147,0.002,1.0,5.5,25,950
1148,0.002,1.0,6.0,25,950
1149,0.002,1.0,6.5,25,950
1150,0.002,1.0,7.0,25,950
1151,0.002,1.0,7.5,25,950
1152,0.0,1.0,0.0,50,950
1153,0.966,0.0841683366733467,0.5,50,950
1154,1.0,0.0,1.0,50,950
1155,1.0,0.0,1.5,50,950
1156,1.0,0.06613226452905811,2.0,50,950
1157,0.996,0.5090180360721442,2.5,50,950
1158,0.94,0.8276553106212425,3.0,50,950
1159,0.732,0.9418837675350702,3.5,50,950
1160,0.44,0.9799599198396793,4.0,50,950
1161,0.272,0.9919839679358717,4.5,50,950
1162,0.178,0.9979959919839679,5.0,50,950
1163,0.098,1.0,5.5,50,950
1164,0.052,1.0,6.0,50,950
1165,0.032,1.0,6.5,50,950
1166,0.014,1.0,7.0,50,950
1167,0.01,1.0,7.5,50,950
1168,0.0,1.0,0.0,75,950
1169,0.984,0.05410821643286573,0.5,75,950
1170,1.0,0.0,1.0,75,950
1171,1.0,0.0,1.5,75,950
1172,1.0,0.04408817635270541,2.0,75,950
1173,0.994,0.43887775551102204,2.5,75,950
1174,0.964,0.7595190380761523,3.0,75,950
1175,0.908,0.9098196392785571,3.5,75,950
1176,0.842,0.9779559118236473,4.0,75,950
1177,0.774,0.9899799599198397,4.5,75,950
1178,0.674,0.9979959919839679,5.0,75,950
1179,0.556,1.0,5.5,75,950
1180,0.412,1.0,6.0,75,950
1181,0.322,1.0,6.5,75,950
1182,0.248,1.0,7.0,75,950
1183,0.176,1.0,7.5,75,950
1184,0.0,1.0,0.0,100,950
1185,0.992,0.052104208416833664,0.5,100,950
1186,1.0,0.0,1.0,100,950
1187,1.0,0.0,1.5,100,950
1188,1.0,0.04408817635270541,2.0,100,950
1189,1.0,0.4348697394789579,2.5,100,950
1190,1.0,0.7254509018036072,3.0,100,950
1191,0.988,0.8957915831663327,3.5,100,950
1192,0.956,0.9659318637274549,4.0,100,950
1193,0.906,0.9859719438877755,4.5,100,950
1194,0.85,0.9939879759519038,5.0,100,950
1195,0.804,0.9959919839679359,5.5,100,950
1196,0.74,1.0,6.0,100,950
1197,0.692,1.0,6.5,100,950
1198,0.668,1.0,7.0,100,950
1199,0.586,1.0,7.5,100,950
1200,0.0,1.0,0.0,125,950
1201,0.992,0.04609218436873747,0.5,125,950
1202,1.0,0.0,1.0,125,950
1203,1.0,0.0,1.5,125,950
1204,1.0,0.056112224448897796,2.0,125,950
1205,1.0,0.4408817635270541,2.5,125,950
1206,1.0,0.7615230460921844,3.0,125,950
1207,1.0,0.905811623246493,3.5,125,950
1208,0.994,0.9599198396793587,4.0,125,950
1209,0.968,0.9859719438877755,4.5,125,950
1210,0.922,0.9919839679358717,5.0,125,950
1211,0.874,0.9959919839679359,5.5,125,950
1212,0.814,1.0,6.0,125,950
1213,0.764,1.0,6.5,125,950
1214,0.718,1.0,7.0,125,950
1215,0.672,1.0,7.5,125,950
1216,0.0,1.0,0.0,150,950
1217,0.998,0.056112224448897796,0.5,150,950
1218,1.0,0.0,1.0,150,950
1219,1.0,0.0,1.5,150,950
1220,1.0,0.04609218436873747,2.0,150,950
1221,1.0,0.43887775551102204,2.5,150,950
1222,1.0,0.7695390781563126,3.0,150,950
1223,0.996,0.9178356713426854,3.5,150,950
1224,0.988,0.9719438877755511,4.0,150,950
1225,0.978,0.9839679358717435,4.5,150,950
1226,0.94,0.9939879759519038,5.0,150,950
1227,0.9,1.0,5.5,150,950
1228,0.852,1.0,6.0,150,950
1229,0.79,1.0,6.5,150,950
1230,0.754,1.0,7.0,150,950
1231,0.708,1.0,7.5,150,950
1232,0.0,1.0,0.0,0,955
1233,0.0,1.0,0.5,0,955
1234,0.0,1.0,1.0,0,955
1235,0.0,1.0,1.5,0,955
1236,0.0,1.0,2.0,0,955
1237,0.0,1.0,2.5,0,955
1238,0.0,1.0,3.0,0,955
1239,0.0,1.0,3.5,0,955
1240,0.0,1.0,4.0,0,955
1241,0.0,1.0,4.5,0,955
1242,0.0,1.0,5.0,0,955
1243,0.0,1.0,5.5,0,955
1244,0.0,1.0,6.0,0,955
1245,0.0,1.0,6.5,0,955
1246,0.0,1.0,7.0,0,955
1247,0.0,1.0,7.5,0,955
1248,0.0,1.0,0.0,25,955
1249,0.126,0.8897795591182365,0.5,25,955
1250,1.0,0.0,1.0,25,955
1251,1.0,0.0,1.5,25,955
1252,0.886,0.5671342685370742,2.0,25,955
1253,0.336,0.9338677354709419,2.5,25,955
1254,0.142,0.9899799599198397,3.0,25,955
1255,0.044,0.9979959919839679,3.5,25,955
1256,0.014,1.0,4.0,25,955
1257,0.006,1.0,4.5,25,955
1258,0.002,1.0,5.0,25,955
1259,0.002,1.0,5.5,25,955
1260,0.002,1.0,6.0,25,955
1261,0.002,1.0,6.5,25,955
1262,0.002,1.0,7.0,25,955
1263,0.002,1.0,7.5,25,955
1264,0.0,1.0,0.0,50,955
1265,0.938,0.1523046092184369,0.5,50,955
1266,1.0,0.0,1.0,50,955
1267,1.0,0.0,1.5,50,955
1268,1.0,0.11823647294589178,2.0,50,955
1269,0.992,0.627254509018036,2.5,50,955
1270,0.924,0.8997995991983968,3.0,50,955
1271,0.696,0.9679358717434869,3.5,50,955
1272,0.384,0.9879759519038076,4.0,50,955
1273,0.232,0.9979959919839679,4.5,50,955
1274,0.138,1.0,5.0,50,955
1275,0.068,1.0,5.5,50,955
1276,0.038,1.0,6.0,50,955
1277,0.014,1.0,6.5,50,955
1278,0.012,1.0,7.0,50,955
1279,0.008,1.0,7.5,50,955
1280,0.0,1.0,0.0,75,955
1281,0.978,0.0781563126252505,0.5,75,955
1282,1.0,0.0,1.0,75,955
1283,1.0,0.0,1.5,75,955
1284,1.0,0.06613226452905811,2.0,75,955
1285,0.994,0.5450901803607214,2.5,75,955
1286,0.96,0.8216432865731463,3.0,75,955
1287,0.894,0.9478957915831663,3.5,75,955
1288,0.83,0.9879759519038076,4.0,75,955
1289,0.748,0.9959919839679359,4.5,75,955
1290,0.66,1.0,5.0,75,955
1291,0.528,1.0,5.5,75,955
1292,0.38,1.0,6.0,75,955
1293,0.296,1.0,6.5,75,955
1294,0.212,1.0,7.0,75,955
1295,0.144,1.0,7.5,75,955
1296,0.0,1.0,0.0,100,955
1297,0.986,0.08016032064128256,0.5,100,955
1298,1.0,0.0,1.0,100,955
1299,1.0,0.0,1.5,100,955
1300,1.0,0.09218436873747494,2.0,100,955
1301,1.0,0.5350701402805611,2.5,100,955
1302,1.0,0.7875751503006012,3.0,100,955
1303,0.984,0.9298597194388778,3.5,100,955
1304,0.952,0.9779559118236473,4.0,100,955
1305,0.888,0.9939879759519038,4.5,100,955
1306,0.836,0.9959919839679359,5.0,100,955
1307,0.784,0.9979959919839679,5.5,100,955
1308,0.726,1.0,6.0,100,955
1309,0.69,1.0,6.5,100,955
1310,0.65,1.0,7.0,100,955
1311,0.558,1.0,7.5,100,955
1312,0.0,1.0,0.0,125,955
1313,0.992,0.0781563126252505,0.5,125,955
1314,1.0,0.0,1.0,125,955
1315,1.0,0.0,1.5,125,955
1316,1.0,0.09218436873747494,2.0,125,955
1317,1.0,0.531062124248497,2.5,125,955
1318,1.0,0.8216432865731463,3.0,125,955
1319,1.0,0.9338677354709419,3.5,125,955
1320,0.99,0.9759519038076152,4.0,125,955
1321,0.952,0.9899799599198397,4.5,125,955
1322,0.91,0.9959919839679359,5.0,125,955
1323,0.858,0.9979959919839679,5.5,125,955
1324,0.804,1.0,6.0,125,955
1325,0.752,1.0,6.5,125,955
1326,0.704,1.0,7.0,125,955
1327,0.658,1.0,7.5,125,955
1328,0.0,1.0,0.0,150,955
1329,0.998,0.08216432865731463,0.5,150,955
1330,1.0,0.0,1.0,150,955
1331,1.0,0.0,1.5,150,955
1332,1.0,0.08016032064128256,2.0,150,955
1333,1.0,0.5230460921843687,2.5,150,955
1334,1.0,0.8196392785571143,3.0,150,955
1335,0.996,0.9519038076152304,3.5,150,955
1336,0.984,0.9799599198396793,4.0,150,955
1337,0.974,0.9919839679358717,4.5,150,955
1338,0.936,1.0,5.0,150,955
1339,0.89,1.0,5.5,150,955
1340,0.834,1.0,6.0,150,955
1341,0.782,1.0,6.5,150,955
1342,0.732,1.0,7.0,150,955
1343,0.69,1.0,7.5,150,955
1344,0.0,1.0,0.0,0,960
1345,0.0,1.0,0.5,0,960
1346,0.0,1.0,1.0,0,960
1347,0.0,1.0,1.5,0,960
1348,0.0,1.0,2.0,0,960
1349,0.0,1.0,2.5,0,960
1350,0.0,1.0,3.0,0,960
1351,0.0,1.0,3.5,0,960
1352,0.0,1.0,4.0,0,960
1353,0.0,1.0,4.5,0,960
1354,0.0,1.0,5.0,0,960
1355,0.0,1.0,5.5,0,960
1356,0.0,1.0,6.0,0,960
1357,0.0,1.0,6.5,0,960
1358,0.0,1.0,7.0,0,960
1359,0.0,1.0,7.5,0,960
1360,0.0,1.0,0.0,25,960
1361,0.054,0.9539078156312625,0.5,25,960
1362,1.0,0.0,1.0,25,960
1363,1.0,0.006012024048096192,1.5,25,960
1364,0.82,0.7214428857715431,2.0,25,960
1365,0.278,0.9739478957915831,2.5,25,960
1366,0.082,0.9979959919839679,3.0,25,960
1367,0.022,1.0,3.5,25,960
1368,0.008,1.0,4.0,25,960
1369,0.002,1.0,4.5,25,960
1370,0.002,1.0,5.0,25,960
1371,0.002,1.0,5.5,25,960
1372,0.002,1.0,6.0,25,960
1373,0.002,1.0,6.5,25,960
1374,0.002,1.0,7.0,25,960
1375,0.002,1.0,7.5,25,960
1376,0.0,1.0,0.0,50,960
1377,0.898,0.2605210420841683,0.5,50,960
1378,1.0,0.0,1.0,50,960
1379,1.0,0.0,1.5,50,960
1380,1.0,0.22044088176352705,2.0,50,960
1381,0.988,0.7214428857715431,2.5,50,960
1382,0.894,0.935871743486974,3.0,50,960
1383,0.634,0.9839679358717435,3.5,50,960
1384,0.34,0.9959919839679359,4.0,50,960
1385,0.194,1.0,4.5,50,960
1386,0.096,1.0,5.0,50,960
1387,0.042,1.0,5.5,50,960
1388,0.02,1.0,6.0,50,960
1389,0.012,1.0,6.5,50,960
1390,0.008,1.0,7.0,50,960
1391,0.002,1.0,7.5,50,960
1392,0.0,1.0,0.0,75,960
1393,0.972,0.13627254509018036,0.5,75,960
1394,1.0,0.0,1.0,75,960
1395,1.0,0.0,1.5,75,960
1396,1.0,0.1282565130260521,2.0,75,960
1397,0.99,0.6452905811623246,2.5,75,960
1398,0.954,0.8777555110220441,3.0,75,960
1399,0.882,0.9719438877755511,3.5,75,960
1400,0.816,0.9919839679358717,4.0,75,960
1401,0.734,0.9959919839679359,4.5,75,960
1402,0.636,1.0,5.0,75,960
1403,0.474,1.0,5.5,75,960
1404,0.344,1.0,6.0,75,960
1405,0.25,1.0,6.5,75,960
1406,0.17,1.0,7.0,75,960
1407,0.102,1.0,7.5,75,960
1408,0.0,1.0,0.0,100,960
1409,0.98,0.11823647294589178,0.5,100,960
1410,1.0,0.0,1.0,100,960
1411,1.0,0.0,1.5,100,960
1412,1.0,0.1402805611222445,2.0,100,960
1413,1.0,0.6112224448897795,2.5,100,960
1414,1.0,0.8637274549098196,3.0,100,960
1415,0.978,0.9619238476953907,3.5,100,960
1416,0.938,0.9839679358717435,4.0,100,960
1417,0.874,0.9939879759519038,4.5,100,960
1418,0.82,0.9979959919839679,5.0,100,960
1419,0.76,1.0,5.5,100,960
1420,0.714,1.0,6.0,100,960
1421,0.68,1.0,6.5,100,960
1422,0.63,1.0,7.0,100,960
1423,0.524,1.0,7.5,100,960
1424,0.0,1.0,0.0,125,960
1425,0.988,0.12024048096192384,0.5,125,960
1426,1.0,0.0,1.0,125,960
1427,1.0,0.0,1.5,125,960
1428,1.0,0.14228456913827656,2.0,125,960
1429,1.0,0.6192384769539078,2.5,125,960
1430,1.0,0.8657314629258517,3.0,125,960
1431,0.998,0.9599198396793587,3.5,125,960
1432,0.988,0.9899799599198397,4.0,125,960
1433,0.942,0.9939879759519038,4.5,125,960
1434,0.898,0.9979959919839679,5.0,125,960
1435,0.848,1.0,5.5,125,960
1436,0.786,1.0,6.0,125,960
1437,0.734,1.0,6.5,125,960
1438,0.702,1.0,7.0,125,960
1439,0.636,1.0,7.5,125,960
1440,0.0,1.0,0.0,150,960
1441,0.996,0.1402805611222445,0.5,150,960
1442,1.0,0.0,1.0,150,960
1443,1.0,0.0,1.5,150,960
1444,1.0,0.1282565130260521,2.0,150,960
1445,1.0,0.6332665330661322,2.5,150,960
1446,1.0,0.8797595190380761,3.0,150,960
1447,0.996,0.9659318637274549,3.5,150,960
1448,0.984,0.9839679358717435,4.0,150,960
1449,0.964,0.9959919839679359,4.5,150,960
1450,0.928,1.0,5.0,150,960
1451,0.87,1.0,5.5,150,960
1452,0.816,1.0,6.0,150,960
1453,0.764,1.0,6.5,150,960
1454,0.718,1.0,7.0,150,960
1455,0.664,1.0,7.5,150,960
1456,0.0,1.0,0.0,0,965
1457,0.0,1.0,0.5,0,965
1458,0.0,1.0,1.0,0,965
1459,0.0,1.0,1.5,0,965
1460,0.0,1.0,2.0,0,965
1461,0.0,1.0,2.5,0,965
1462,0.0,1.0,3.0,0,965
1463,0.0,1.0,3.5,0,965
1464,0.0,1.0,4.0,0,965
1465,0.0,1.0,4.5,0,965
1466,0.0,1.0,5.0,0,965
1467,0.0,1.0,5.5,0,965
1468,0.0,1.0,6.0,0,965
1469,0.0,1.0,6.5,0,965
1470,0.0,1.0,7.0,0,965
1471,0.0,1.0,7.5,0,965
1472,0.0,1.0,0.0,25,965
1473,0.004,0.9899799599198397,0.5,25,965
1474,1.0,0.0,1.0,25,965
1475,1.0,0.036072144288577156,1.5,25,965
1476,0.716,0.8476953907815631,2.0,25,965
1477,0.206,0.9939879759519038,2.5,25,965
1478,0.046,0.9979959919839679,3.0,25,965
1479,0.008,1.0,3.5,25,965
1480,0.002,1.0,4.0,25,965
1481,0.002,1.0,4.5,25,965
1482,0.002,1.0,5.0,25,965
1483,0.002,1.0,5.5,25,965
1484,0.002,1.0,6.0,25,965
1485,0.002,1.0,6.5,25,965
1486,0.002,1.0,7.0,25,965
1487,0.002,1.0,7.5,25,965
1488,0.0,1.0,0.0,50,965
1489,0.824,0.4088176352705411,0.5,50,965
1490,1.0,0.0,1.0,50,965
1491,1.0,0.0,1.5,50,965
1492,1.0,0.3466933867735471,2.0,50,965
1493,0.988,0.845691382765531,2.5,50,965
1494,0.874,0.9659318637274549,3.0,50,965
1495,0.556,0.9919839679358717,3.5,50,965
1496,0.276,1.0,4.0,50,965
1497,0.144,1.0,4.5,50,965
1498,0.058,1.0,5.0,50,965
1499,0.026,1.0,5.5,50,965
1500,0.012,1.0,6.0,50,965
1501,0.008,1.0,6.5,50,965
1502,0.002,1.0,7.0,50,965
1503,0.002,1.0,7.5,50,965
1504,0.0,1.0,0.0,75,965
1505,0.948,0.23446893787575152,0.5,75,965
1506,1.0,0.0,1.0,75,965
1507,1.0,0.0,1.5,75,965
1508,1.0,0.218436873747495,2.0,75,965
1509,0.982,0.7274549098196392,2.5,75,965
1510,0.944,0.9298597194388778,3.0,75,965
1511,0.876,0.9879759519038076,3.5,75,965
1512,0.796,0.9959919839679359,4.0,75,965
1513,0.712,1.0,4.5,75,965
1514,0.598,1.0,5.0,75,965
1515,0.438,1.0,5.5,75,965
1516,0.306,1.0,6.0,75,965
1517,0.206,1.0,6.5,75,965
1518,0.12,1.0,7.0,75,965
1519,0.068,1.0,7.5,75,965
1520,0.0,1.0,0.0,100,965
1521,0.964,0.18637274549098196,0.5,100,965
1522,1.0,0.0,1.0,100,965
1523,1.0,0.0,1.5,100,965
1524,1.0,0.1963927855711423,2.0,100,965
1525,1.0,0.6833667334669339,2.5,100,965
1526,1.0,0.9078156312625251,3.0,100,965
1527,0.974,0.9779559118236473,3.5,100,965
1528,0.928,0.9919839679358717,4.0,100,965
1529,0.862,0.9959919839679359,4.5,100,965
1530,0.816,1.0,5.0,100,965
1531,0.748,1.0,5.5,100,965
1532,0.706,1.0,6.0,100,965
1533,0.66,1.0,6.5,100,965
1534,0.586,1.0,7.0,100,965
1535,0.488,1.0,7.5,100,965
1536,0.0,1.0,0.0,125,965
1537,0.982,0.19839679358717435,0.5,125,965
1538,1.0,0.0,1.0,125,965
1539,1.0,0.0,1.5,125,965
1540,1.0,0.21042084168336672,2.0,125,965
1541,1.0,0.7214428857715431,2.5,125,965
1542,1.0,0.9098196392785571,3.0,125,965
1543,0.998,0.9779559118236473,3.5,125,965
1544,0.986,0.9939879759519038,4.0,125,965
1545,0.938,0.9959919839679359,4.5,125,965
1546,0.876,1.0,5.0,125,965
1547,0.832,1.0,5.5,125,965
1548,0.77,1.0,6.0,125,965
1549,0.724,1.0,6.5,125,965
1550,0.682,1.0,7.0,125,965
1551,0.598,1.0,7.5,125,965
1552,0.0,1.0,0.0,150,965
1553,0.992,0.2124248496993988,0.5,150,965
1554,1.0,0.0,1.0,150,965
1555,1.0,0.0,1.5,150,965
1556,1.0,0.19438877755511022,2.0,150,965
1557,1.0,0.7094188376753507,2.5,150,965
1558,1.0,0.9258517034068137,3.0,150,965
1559,0.996,0.9779559118236473,3.5,150,965
1560,0.982,0.9899799599198397,4.0,150,965
1561,0.952,0.9979959919839679,4.5,150,965
1562,0.912,1.0,5.0,150,965
1563,0.848,1.0,5.5,150,965
1564,0.802,1.0,6.0,150,965
1565,0.746,1.0,6.5,150,965
1566,0.696,1.0,7.0,150,965
1567,0.64,1.0,7.5,150,965
1568,0.0,1.0,0.0,0,970
1569,0.0,1.0,0.5,0,970
1570,0.0,1.0,1.0,0,970
1571,0.0,1.0,1.5,0,970
1572,0.0,1.0,2.0,0,970
1573,0.0,1.0,2.5,0,970
1574,0.0,1.0,3.0,0,970
1575,0.0,1.0,3.5,0,970
1576,0.0,1.0,4.0,0,970
1577,0.0,1.0,4.5,0,970
1578,0.0,1.0,5.0,0,970
1579,0.0,1.0,5.5,0,970
1580,0.0,1.0,6.0,0,970
1581,0.0,1.0,6.5,0,970
1582,0.0,1.0,7.0,0,970
1583,0.0,1.0,7.5,0,970
1584,0.0,1.0,0.0,25,970
1585,0.0,1.0,0.5,25,970
1586,1.0,0.0,1.0,25,970
1587,1.0,0.11623246492985972,1.5,25,970
1588,0.604,0.9458917835671342,2.0,25,970
1589,0.124,0.9979959919839679,2.5,25,970
1590,0.024,1.0,3.0,25,970
1591,0.004,1.0,3.5,25,970
1592,0.002,1.0,4.0,25,970
1593,0.002,1.0,4.5,25,970
1594,0.002,1.0,5.0,25,970
1595,0.002,1.0,5.5,25,970
1596,0.002,1.0,6.0,25,970
1597,0.002,1.0,6.5,25,970
1598,0.002,1.0,7.0,25,970
1599,0.002,1.0,7.5,25,970
1600,0.0,1.0,0.0,50,970
1601,0.694,0.5871743486973948,0.5,50,970
1602,1.0,0.0,1.0,50,970
1603,1.0,0.002004008016032064,1.5,50,970
1604,1.0,0.503006012024048,2.0,50,970
1605,0.976,0.9138276553106213,2.5,50,970
1606,0.826,0.9819639278557114,3.0,50,970
1607,0.458,1.0,3.5,50,970
1608,0.218,1.0,4.0,50,970
1609,0.082,1.0,4.5,50,970
1610,0.032,1.0,5.0,50,970
1611,0.012,1.0,5.5,50,970
1612,0.006,1.0,6.0,50,970
1613,0.002,1.0,6.5,50,970
1614,0.002,1.0,7.0,50,970
1615,0.002,1.0,7.5,50,970
1616,0.0,1.0,0.0,75,970
1617,0.914,0.3406813627254509,0.5,75,970
1618,1.0,0.0,1.0,75,970
1619,1.0,0.0,1.5,75,970
1620,1.0,0.3286573146292585,2.0,75,970
1621,0.982,0.8276553106212425,2.5,75,970
1622,0.928,0.969939879759519,3.0,75,970
1623,0.862,0.9939879759519038,3.5,75,970
1624,0.788,0.9979959919839679,4.0,75,970
1625,0.694,1.0,4.5,75,970
1626,0.564,1.0,5.0,75,970
1627,0.366,1.0,5.5,75,970
1628,0.246,1.0,6.0,75,970
1629,0.16,1.0,6.5,75,970
1630,0.09,1.0,7.0,75,970
1631,0.042,1.0,7.5,75,970
1632,0.0,1.0,0.0,100,970
1633,0.944,0.2905811623246493,0.5,100,970
1634,1.0,0.0,1.0,100,970
1635,1.0,0.0,1.5,100,970
1636,1.0,0.30060120240480964,2.0,100,970
1637,1.0,0.7675350701402806,2.5,100,970
1638,1.0,0.9398797595190381,3.0,100,970
1639,0.97,0.9919839679358717,3.5,100,970
1640,0.902,0.9959919839679359,4.0,100,970
1641,0.844,1.0,4.5,100,970
1642,0.782,1.0,5.0,100,970
1643,0.736,1.0,5.5,100,970
1644,0.692,1.0,6.0,100,970
1645,0.64,1.0,6.5,100,970
1646,0.542,1.0,7.0,100,970
1647,0.428,1.0,7.5,100,970
1648,0.0,1.0,0.0,125,970
1649,0.97,0.2925851703406814,0.5,125,970
1650,1.0,0.0,1.0,125,970
1651,1.0,0.0,1.5,125,970
1652,1.0,0.3026052104208417,2.0,125,970
1653,1.0,0.8076152304609219,2.5,125,970
1654,1.0,0.9559118236472945,3.0,125,970
1655,0.998,0.9919839679358717,3.5,125,970
1656,0.978,0.9939879759519038,4.0,125,970
1657,0.92,0.9979959919839679,4.5,125,970
1658,0.858,1.0,5.0,125,970
1659,0.808,1.0,5.5,125,970
1660,0.748,1.0,6.0,125,970
1661,0.706,1.0,6.5,125,970
1662,0.656,1.0,7.0,125,970
1663,0.564,1.0,7.5,125,970
1664,0.0,1.0,0.0,150,970
1665,0.988,0.3026052104208417,0.5,150,970
1666,1.0,0.0,1.0,150,970
1667,1.0,0.0,1.5,150,970
1668,1.0,0.3186372745490982,2.0,150,970
1669,1.0,0.7975951903807615,2.5,150,970
1670,1.0,0.9619238476953907,3.0,150,970
1671,0.992,0.9819639278557114,3.5,150,970
1672,0.98,0.9979959919839679,4.0,150,970
1673,0.942,1.0,4.5,150,970
1674,0.886,1.0,5.0,150,970
1675,0.826,1.0,5.5,150,970
1676,0.782,1.0,6.0,150,970
1677,0.728,1.0,6.5,150,970
1678,0.676,1.0,7.0,150,970
1679,0.588,1.0,7.5,150,970
1680,0.0,1.0,0.0,0,975
1681,0.0,1.0,0.5,0,975
1682,0.0,1.0,1.0,0,975
1683,0.0,1.0,1.5,0,975
1684,0.0,1.0,2.0,0,975
1685,0.0,1.0,2.5,0,975
1686,0.0,1.0,3.0,0,975
1687,0.0,1.0,3.5,0,975
1688,0.0,1.0,4.0,0,975
1689,0.0,1.0,4.5,0,975
1690,0.0,1.0,5.0,0,975
1691,0.0,1.0,5.5,0,975
1692,0.0,1.0,6.0,0,975
1693,0.0,1.0,6.5,0,975
1694,0.0,1.0,7.0,0,975
1695,0.0,1.0,7.5,0,975
1696,0.0,1.0,0.0,25,975
1697,0.0,1.0,0.5,25,975
1698,1.0,0.0,1.0,25,975
1699,1.0,0.2925851703406814,1.5,25,975
1700,0.468,0.9879759519038076,2.0,25,975
1701,0.064,0.9979959919839679,2.5,25,975
1702,0.006,1.0,3.0,25,975
1703,0.002,1.0,3.5,25,975
1704,0.002,1.0,4.0,25,975
1705,0.002,1.0,4.5,25,975
1706,0.002,1.0,5.0,25,975
1707,0.002,1.0,5.5,25,975
1708,0.002,1.0,6.0,25,975
1709,0.002,1.0,6.5,25,975
1710,0.002,1.0,7.0,25,975
1711,0.002,1.0,7.5,25,975
1712,0.0,1.0,0.0,50,975
1713,0.516,0.7735470941883767,0.5,50,975
1714,1.0,0.0,1.0,50,975
1715,1.0,0.002004008016032064,1.5,50,975
1716,1.0,0.6633266533066132,2.0,50,975
1717,0.956,0.9639278557114228,2.5,50,975
1718,0.752,1.0,3.0,50,975
1719,0.366,1.0,3.5,50,975
1720,0.144,1.0,4.0,50,975
1721,0.038,1.0,4.5,50,975
1722,0.012,1.0,5.0,50,975
1723,0.006,1.0,5.5,50,975
1724,0.002,1.0,6.0,50,975
1725,0.002,1.0,6.5,50,975
1726,0.002,1.0,7.0,50,975
1727,0.002,1.0,7.5,50,975
1728,0.0,1.0,0.0,75,975
1729,0.846,0.4969939879759519,0.5,75,975
1730,1.0,0.0,1.0,75,975
1731,1.0,0.002004008016032064,1.5,75,975
1732,1.0,0.48697394789579157,2.0,75,975
1733,0.978,0.9078156312625251,2.5,75,975
1734,0.918,0.9859719438877755,3.0,75,975
1735,0.84,0.9979959919839679,3.5,75,975
1736,0.764,0.9979959919839679,4.0,75,975
1737,0.668,1.0,4.5,75,975
1738,0.474,1.0,5.0,75,975
1739,0.302,1.0,5.5,75,975
1740,0.18,1.0,6.0,75,975
1741,0.092,1.0,6.5,75,975
1742,0.04,1.0,7.0,75,975
1743,0.026,1.0,7.5,75,975
1744,0.0,1.0,0.0,100,975
1745,0.918,0.4168336673346693,0.5,100,975
1746,1.0,0.0,1.0,100,975
1747,1.0,0.0,1.5,100,975
1748,1.0,0.43286573146292584,2.0,100,975
1749,1.0,0.8697394789579158,2.5,100,975
1750,0.998,0.9759519038076152,3.0,100,975
1751,0.962,0.9939879759519038,3.5,100,975
1752,0.878,0.9959919839679359,4.0,100,975
1753,0.834,1.0,4.5,100,975
1754,0.764,1.0,5.0,100,975
1755,0.72,1.0,5.5,100,975
1756,0.666,1.0,6.0,100,975
1757,0.594,1.0,6.5,100,975
1758,0.478,1.0,7.0,100,975
1759,0.346,1.0,7.5,100,975
1760,0.0,1.0,0.0,125,975
1761,0.954,0.4148296593186373,0.5,125,975
1762,1.0,0.0,1.0,125,975
1763,1.0,0.002004008016032064,1.5,125,975
1764,1.0,0.42685370741482964,2.0,125,975
1765,1.0,0.8496993987975952,2.5,125,975
1766,1.0,0.9799599198396793,3.0,125,975
1767,0.996,0.9939879759519038,3.5,125,975
1768,0.964,0.9959919839679359,4.0,125,975
1769,0.896,1.0,4.5,125,975
1770,0.852,1.0,5.0,125,975
1771,0.788,1.0,5.5,125,975
1772,0.726,1.0,6.0,125,975
1773,0.686,1.0,6.5,125,975
1774,0.604,1.0,7.0,125,975
1775,0.526,1.0,7.5,125,975
1776,0.0,1.0,0.0,150,975
1777,0.978,0.3927855711422846,0.5,150,975
1778,1.0,0.0,1.0,150,975
1779,1.0,0.004008016032064128,1.5,150,975
1780,1.0,0.4228456913827655,2.0,150,975
1781,1.0,0.8557114228456913,2.5,150,975
1782,1.0,0.9719438877755511,3.0,150,975
1783,0.992,0.9919839679358717,3.5,150,975
1784,0.976,0.9979959919839679,4.0,150,975
1785,0.93,1.0,4.5,150,975
1786,0.862,1.0,5.0,150,975
1787,0.812,1.0,5.5,150,975
1788,0.744,1.0,6.0,150,975
1789,0.708,1.0,6.5,150,975
1790,0.628,1.0,7.0,150,975
1791,0.526,1.0,7.5,150,975
1792,0.0,1.0,0.0,0,980
1793,0.0,1.0,0.5,0,980
1794,0.0,1.0,1.0,0,980
1795,0.0,1.0,1.5,0,980
1796,0.0,1.0,2.0,0,980
1797,0.0,1.0,2.5,0,980
1798,0.0,1.0,3.0,0,980
1799,0.0,1.0,3.5,0,980
1800,0.0,1.0,4.0,0,980
1801,0.0,1.0,4.5,0,980
1802,0.0,1.0,5.0,0,980
1803,0.0,1.0,5.5,0,980
1804,0.0,1.0,6.0,0,980
1805,0.0,1.0,6.5,0,980
1806,0.0,1.0,7.0,0,980
1807,0.0,1.0,7.5,0,980
1808,0.0,1.0,0.0,25,980
1809,0.0,1.0,0.5,25,980
1810,1.0,0.0,1.0,25,980
1811,1.0,0.6072144288577155,1.5,25,980
1812,0.328,0.9979959919839679,2.0,25,980
1813,0.024,1.0,2.5,25,980
1814,0.002,1.0,3.0,25,980
1815,0.002,1.0,3.5,25,980
1816,0.002,1.0,4.0,25,980
1817,0.002,1.0,4.5,25,980
1818,0.002,1.0,5.0,25,980
1819,0.002,1.0,5.5,25,980
1820,0.002,1.0,6.0,25,980
1821,0.002,1.0,6.5,25,980
1822,0.002,1.0,7.0,25,980
1823,0.002,1.0,7.5,25,980
1824,0.0,1.0,0.0,50,980
1825,0.316,0.8957915831663327,0.5,50,980
1826,1.0,0.0,1.0,50,980
1827,1.0,0.026052104208416832,1.5,50,980
1828,1.0,0.8396793587174348,2.0,50,980
1829,0.93,0.9879759519038076,2.5,50,980
1830,0.638,1.0,3.0,50,980
1831,0.25,1.0,3.5,50,980
1832,0.066,1.0,4.0,50,980
1833,0.018,1.0,4.5,50,980
1834,0.002,1.0,5.0,50,980
1835,0.002,1.0,5.5,50,980
1836,0.002,1.0,6.0,50,980
1837,0.002,1.0,6.5,50,980
1838,0.002,1.0,7.0,50,980
1839,0.002,1.0,7.5,50,980
1840,0.0,1.0,0.0,75,980
1841,0.76,0.6713426853707415,0.5,75,980
1842,1.0,0.0,1.0,75,980
1843,1.0,0.01002004008016032,1.5,75,980
1844,1.0,0.6452905811623246,2.0,75,980
1845,0.974,0.9539078156312625,2.5,75,980
1846,0.902,0.9939879759519038,3.0,75,980
1847,0.818,0.9979959919839679,3.5,75,980
1848,0.742,1.0,4.0,75,980
1849,0.622,1.0,4.5,75,980
1850,0.39,1.0,5.0,75,980
1851,0.22,1.0,5.5,75,980
1852,0.108,1.0,6.0,75,980
1853,0.04,1.0,6.5,75,980
1854,0.026,1.0,7.0,75,980
1855,0.012,1.0,7.5,75,980
1856,0.0,1.0,0.0,100,980
1857,0.882,0.6072144288577155,0.5,100,980
1858,1.0,0.0,1.0,100,980
1859,1.0,0.006012024048096192,1.5,100,980
1860,1.0,0.5731462925851704,2.0,100,980
1861,1.0,0.9298597194388778,2.5,100,980
1862,0.994,0.9939879759519038,3.0,100,980
1863,0.942,0.9959919839679359,3.5,100,980
1864,0.864,0.9979959919839679,4.0,100,980
1865,0.798,1.0,4.5,100,980
1866,0.746,1.0,5.0,100,980
1867,0.694,1.0,5.5,100,980
1868,0.63,1.0,6.0,100,980
1869,0.53,1.0,6.5,100,980
1870,0.39,1.0,7.0,100,980
1871,0.26,1.0,7.5,100,980
1872,0.0,1.0,0.0,125,980
1873,0.912,0.5370741482965932,0.5,125,980
1874,1.0,0.0,1.0,125,980
1875,1.0,0.006012024048096192,1.5,125,980
1876,1.0,0.5671342685370742,2.0,125,980
1877,1.0,0.9178356713426854,2.5,125,980
1878,1.0,0.9919839679358717,3.0,125,980
1879,0.994,0.9959919839679359,3.5,125,980
1880,0.948,0.9979959919839679,4.0,125,980
1881,0.878,1.0,4.5,125,980
1882,0.82,1.0,5.0,125,980
1883,0.76,1.0,5.5,125,980
1884,0.714,1.0,6.0,125,980
1885,0.646,1.0,6.5,125,980
1886,0.556,1.0,7.0,125,980
1887,0.458,1.0,7.5,125,980
1888,0.0,1.0,0.0,150,980
1889,0.964,0.5190380761523046,0.5,150,980
1890,1.0,0.0,1.0,150,980
1891,1.0,0.008016032064128256,1.5,150,980
1892,1.0,0.5531062124248497,2.0,150,980
1893,1.0,0.9318637274549099,2.5,150,980
1894,1.0,0.9859719438877755,3.0,150,980
1895,0.99,0.9979959919839679,3.5,150,980
1896,0.972,0.9979959919839679,4.0,150,980
1897,0.912,1.0,4.5,150,980
1898,0.84,1.0,5.0,150,980
1899,0.79,1.0,5.5,150,980
1900,0.73,1.0,6.0,150,980
1901,0.666,1.0,6.5,150,980
1902,0.57,1.0,7.0,150,980
1903,0.462,1.0,7.5,150,980
1904,0.0,1.0,0.0,0,985
1905,0.0,1.0,0.5,0,985
1906,0.0,1.0,1.0,0,985
1907,0.0,1.0,1.5,0,985
1908,0.0,1.0,2.0,0,985
1909,0.0,1.0,2.5,0,985
1910,0.0,1.0,3.0,0,985
1911,0.0,1.0,3.5,0,985
1912,0.0,1.0,4.0,0,985
1913,0.0,1.0,4.5,0,985
1914,0.0,1.0,5.0,0,985
1915,0.0,1.0,5.5,0,985
1916,0.0,1.0,6.0,0,985
1917,0.0,1.0,6.5,0,985
1918,0.0,1.0,7.0,0,985
1919,0.0,1.0,7.5,0,985
1920,0.0,1.0,0.0,25,985
1921,0.0,1.0,0.5,25,985
1922,1.0,0.0,1.0,25,985
1923,1.0,0.8376753507014028,1.5,25,985
1924,0.162,0.9979959919839679,2.0,25,985
1925,0.002,1.0,2.5,25,985
1926,0.002,1.0,3.0,25,985
1927,0.002,1.0,3.5,25,985
1928,0.002,1.0,4.0,25,985
1929,0.002,1.0,4.5,25,985
1930,0.002,1.0,5.0,25,985
1931,0.002,1.0,5.5,25,985
1932,0.002,1.0,6.0,25,985
1933,0.002,1.0,6.5,25,985
1934,0.002,1.0,7.0,25,985
1935,0.002,1.0,7.5,25,985
1936,0.0,1.0,0.0,50,985
1937,0.086,0.9799599198396793,0.5,50,985
1938,1.0,0.0,1.0,50,985
1939,1.0,0.12024048096192384,1.5,50,985
1940,1.0,0.9378757515030061,2.0,50,985
1941,0.884,0.9979959919839679,2.5,50,985
1942,0.504,1.0,3.0,50,985
1943,0.118,1.0,3.5,50,985
1944,0.024,1.0,4.0,50,985
1945,0.002,1.0,4.5,50,985
1946,0.002,1.0,5.0,50,985
1947,0.002,1.0,5.5,50,985
1948,0.002,1.0,6.0,50,985
1949,0.002,1.0,6.5,50,985
1950,0.002,1.0,7.0,50,985
1951,0.002,1.0,7.5,50,985
1952,0.0,1.0,0.0,75,985
1953,0.632,0.8196392785571143,0.5,75,985
1954,1.0,0.0,1.0,75,985
1955,1.0,0.03807615230460922,1.5,75,985
1956,1.0,0.8196392785571143,2.0,75,985
1957,0.964,0.9839679358717435,2.5,75,985
1958,0.886,0.9979959919839679,3.0,75,985
1959,0.798,0.9979959919839679,3.5,75,985
1960,0.692,1.0,4.0,75,985
1961,0.496,1.0,4.5,75,985
1962,0.272,1.0,5.0,75,985
1963,0.12,1.0,5.5,75,985
1964,0.044,1.0,6.0,75,985
1965,0.02,1.0,6.5,75,985
1966,0.008,1.0,7.0,75,985
1967,0.002,1.0,7.5,75,985
1968,0.0,1.0,0.0,100,985
1969,0.826,0.7374749498997996,0.5,100,985
1970,1.0,0.0,1.0,100,985
1971,1.0,0.03006012024048096,1.5,100,985
1972,1.0,0.7374749498997996,2.0,100,985
1973,1.0,0.9719438877755511,2.5,100,985
1974,0.988,0.9939879759519038,3.0,100,985
1975,0.916,0.9979959919839679,3.5,100,985
1976,0.85,1.0,4.0,100,985
1977,0.776,1.0,4.5,100,985
1978,0.722,1.0,5.0,100,985
1979,0.652,1.0,5.5,100,985
1980,0.566,1.0,6.0,100,985
1981,0.434,1.0,6.5,100,985
1982,0.274,1.0,7.0,100,985
1983,0.178,1.0,7.5,100,985
1984,0.0,1.0,0.0,125,985
1985,0.892,0.685370741482966,0.5,125,985
1986,1.0,0.0,1.0,125,985
1987,1.0,0.026052104208416832,1.5,125,985
1988,1.0,0.7114228456913828,2.0,125,985
1989,1.0,0.9779559118236473,2.5,125,985
1990,1.0,0.9959919839679359,3.0,125,985
1991,0.988,0.9979959919839679,3.5,125,985
1992,0.92,0.9979959919839679,4.0,125,985
1993,0.86,1.0,4.5,125,985
1994,0.794,1.0,5.0,125,985
1995,0.732,1.0,5.5,125,985
1996,0.664,1.0,6.0,125,985
1997,0.59,1.0,6.5,125,985
1998,0.494,1.0,7.0,125,985
1999,0.356,1.0,7.5,125,985
2000,0.0,1.0,0.0,150,985
2001,0.946,0.6893787575150301,0.5,150,985
2002,1.0,0.0,1.0,150,985
2003,1.0,0.022044088176352707,1.5,150,985
2004,1.0,0.7034068136272545,2.0,150,985
2005,1.0,0.9639278557114228,2.5,150,985
2006,1.0,0.9939879759519038,3.0,150,985
2007,0.984,0.9979959919839679,3.5,150,985
2008,0.954,1.0,4.0,150,985
2009,0.88,1.0,4.5,150,985
2010,0.816,1.0,5.0,150,985
2011,0.748,1.0,5.5,150,985
2012,0.696,1.0,6.0,150,985
2013,0.614,1.0,6.5,150,985
2014,0.496,1.0,7.0,150,985
2015,0.386,1.0,7.5,150,985
2016,0.0,1.0,0.0,0,990
2017,0.0,1.0,0.5,0,990
2018,0.0,1.0,1.0,0,990
2019,0.0,1.0,1.5,0,990
2020,0.0,1.0,2.0,0,990
2021,0.0,1.0,2.5,0,990
2022,0.0,1.0,3.0,0,990
2023,0.0,1.0,3.5,0,990
2024,0.0,1.0,4.0,0,990
2025,0.0,1.0,4.5,0,990
2026,0.0,1.0,5.0,0,990
2027,0.0,1.0,5.5,0,990
2028,0.0,1.0,6.0,0,990
2029,0.0,1.0,6.5,0,990
2030,0.0,1.0,7.0,0,990
2031,0.0,1.0,7.5,0,990
2032,0.0,1.0,0.0,25,990
2033,0.0,1.0,0.5,25,990
2034,1.0,0.0,1.0,25,990
2035,0.996,0.9659318637274549,1.5,25,990
2036,0.046,0.9979959919839679,2.0,25,990
2037,0.002,1.0,2.5,25,990
2038,0.002,1.0,3.0,25,990
2039,0.002,1.0,3.5,25,990
2040,0.002,1.0,4.0,25,990
2041,0.002,1.0,4.5,25,990
2042,0.002,1.0,5.0,25,990
2043,0.002,1.0,5.5,25,990
2044,0.002,1.0,6.0,25,990
2045,0.002,1.0,6.5,25,990
2046,0.002,1.0,7.0,25,990
2047,0.002,1.0,7.5,25,990
2048,0.0,1.0,0.0,50,990
2049,0.006,1.0,0.5,50,990
2050,1.0,0.0,1.0,50,990
2051,1.0,0.41082164328657317,1.5,50,990
2052,0.996,0.9859719438877755,2.0,50,990
2053,0.824,1.0,2.5,50,990
2054,0.316,1.0,3.0,50,990
2055,0.032,1.0,3.5,50,990
2056,0.002,1.0,4.0,50,990
2057,0.002,1.0,4.5,50,990
2058,0.002,1.0,5.0,50,990
2059,0.002,1.0,5.5,50,990
2060,0.002,1.0,6.0,50,990
2061,0.002,1.0,6.5,50,990
2062,0.002,1.0,7.0,50,990
2063,0.002,1.0,7.5,50,990
2064,0.0,1.0,0.0,75,990
2065,0.398,0.9519038076152304,0.5,75,990
2066,1.0,0.0,1.0,75,990
2067,1.0,0.1342685370741483,1.5,75,990
2068,1.0,0.9258517034068137,2.0,75,990
2069,0.948,0.9979959919839679,2.5,75,990
2070,0.852,0.9979959919839679,3.0,75,990
2071,0.762,1.0,3.5,75,990
2072,0.65,1.0,4.0,75,990
2073,0.34,1.0,4.5,75,990
2074,0.138,1.0,5.0,75,990
2075,0.042,1.0,5.5,75,990
2076,0.016,1.0,6.0,75,990
2077,0.004,1.0,6.5,75,990
2078,0.002,1.0,7.0,75,990
2079,0.002,1.0,7.5,75,990
2080,0.0,1.0,0.0,100,990
2081,0.734,0.8697394789579158,0.5,100,990
2082,1.0,0.0,1.0,100,990
2083,1.0,0.09018036072144289,1.5,100,990
2084,1.0,0.8797595190380761,2.0,100,990
2085,1.0,0.9879759519038076,2.5,100,990
2086,0.982,0.9979959919839679,3.0,100,990
2087,0.876,0.9979959919839679,3.5,100,990
2088,0.806,1.0,4.0,100,990
2089,0.742,1.0,4.5,100,990
2090,0.668,1.0,5.0,100,990
2091,0.594,1.0,5.5,100,990
2092,0.44,1.0,6.0,100,990
2093,0.27,1.0,6.5,100,990
2094,0.158,1.0,7.0,100,990
2095,0.068,1.0,7.5,100,990
2096,0.0,1.0,0.0,125,990
2097,0.83,0.8336673346693386,0.5,125,990
2098,1.0,0.0,1.0,125,990
2099,1.0,0.08216432865731463,1.5,125,990
2100,1.0,0.8476953907815631,2.0,125,990
2101,1.0,0.9919839679358717,2.5,125,990
2102,1.0,0.9979959919839679,3.0,125,990
2103,0.976,0.9979959919839679,3.5,125,990
2104,0.892,1.0,4.0,125,990
2105,0.818,1.0,4.5,125,990
2106,0.75,1.0,5.0,125,990
2107,0.68,1.0,5.5,125,990
2108,0.606,1.0,6.0,125,990
2109,0.516,1.0,6.5,125,990
2110,0.372,1.0,7.0,125,990
2111,0.266,1.0,7.5,125,990
2112,0.0,1.0,0.0,150,990
2113,0.904,0.8136272545090181,0.5,150,990
2114,1.0,0.0,1.0,150,990
2115,1.0,0.07414829659318638,1.5,150,990
2116,1.0,0.8156312625250501,2.0,150,990
2117,1.0,0.9839679358717435,2.5,150,990
2118,0.998,0.9979959919839679,3.0,150,990
2119,0.976,0.9979959919839679,3.5,150,990
2120,0.92,1.0,4.0,150,990
2121,0.856,1.0,4.5,150,990
2122,0.788,1.0,5.0,150,990
2123,0.722,1.0,5.5,150,990
2124,0.638,1.0,6.0,150,990
2125,0.508,1.0,6.5,150,990
2126,0.396,1.0,7.0,150,990
2127,0.282,1.0,7.5,150,990
2128,0.0,1.0,0.0,0,995
2129,0.0,1.0,0.5,0,995
2130,0.0,1.0,1.0,0,995
2131,0.0,1.0,1.5,0,995
2132,0.0,1.0,2.0,0,995
2133,0.0,1.0,2.5,0,995
2134,0.0,1.0,3.0,0,995
2135,0.0,1.0,3.5,0,995
2136,0.0,1.0,4.0,0,995
2137,0.0,1.0,4.5,0,995
2138,0.0,1.0,5.0,0,995
2139,0.0,1.0,5.5,0,995
2140,0.0,1.0,6.0,0,995
2141,0.0,1.0,6.5,0,995
2142,0.0,1.0,7.0,0,995
2143,0.0,1.0,7.5,0,995
2144,0.0,1.0,0.0,25,995
2145,0.0,1.0,0.5,25,995
2146,1.0,0.0,1.0,25,995
2147,0.95,0.9979959919839679,1.5,25,995
2148,0.002,1.0,2.0,25,995
2149,0.002,1.0,2.5,25,995
2150,0.002,1.0,3.0,25,995
2151,0.002,1.0,3.5,25,995
2152,0.002,1.0,4.0,25,995
2153,0.002,1.0,4.5,25,995
2154,0.002,1.0,5.0,25,995
2155,0.002,1.0,5.5,25,995
2156,0.002,1.0,6.0,25,995
2157,0.002,1.0,6.5,25,995
2158,0.002,1.0,7.0,25,995
2159,0.002,1.0,7.5,25,995
2160,0.0,1.0,0.0,50,995
2161,0.0,1.0,0.5,50,995
2162,1.0,0.0,1.0,50,995
2163,1.0,0.7394789579158316,1.5,50,995
2164,0.958,0.9979959919839679,2.0,50,995
2165,0.682,1.0,2.5,50,995
2166,0.108,1.0,3.0,50,995
2167,0.004,1.0,3.5,50,995
2168,0.002,1.0,4.0,50,995
2169,0.002,1.0,4.5,50,995
2170,0.002,1.0,5.0,50,995
2171,0.002,1.0,5.5,50,995
2172,0.002,1.0,6.0,50,995
2173,0.002,1.0,6.5,50,995
2174,0.002,1.0,7.0,50,995
2175,0.002,1.0,7.5,50,995
2176,0.0,1.0,0.0,75,995
2177,0.128,0.9939879759519038,0.5,75,995
2178,1.0,0.0,1.0,75,995
2179,1.0,0.3907815631262525,1.5,75,995
2180,1.0,0.9859719438877755,2.0,75,995
2181,0.934,0.9979959919839679,2.5,75,995
2182,0.818,0.9979959919839679,3.0,75,995
2183,0.706,1.0,3.5,75,995
2184,0.444,1.0,4.0,75,995
2185,0.156,1.0,4.5,75,995
2186,0.038,1.0,5.0,75,995
2187,0.008,1.0,5.5,75,995
2188,0.002,1.0,6.0,75,995
2189,0.002,1.0,6.5,75,995
2190,0.002,1.0,7.0,75,995
2191,0.002,1.0,7.5,75,995
2192,0.0,1.0,0.0,100,995
2193,0.514,0.9559118236472945,0.5,100,995
2194,1.0,0.0,1.0,100,995
2195,1.0,0.25250501002004005,1.5,100,995
2196,1.0,0.9619238476953907,2.0,100,995
2197,0.998,0.9979959919839679,2.5,100,995
2198,0.934,0.9979959919839679,3.0,100,995
2199,0.848,1.0,3.5,100,995
2200,0.762,1.0,4.0,100,995
2201,0.686,1.0,4.5,100,995
2202,0.602,1.0,5.0,100,995
2203,0.446,1.0,5.5,100,995
2204,0.244,1.0,6.0,100,995
2205,0.112,1.0,6.5,100,995
2206,0.046,1.0,7.0,100,995
2207,0.02,1.0,7.5,100,995
2208,0.0,1.0,0.0,125,995
2209,0.744,0.9258517034068137,0.5,125,995
2210,1.0,0.0,1.0,125,995
2211,1.0,0.20841683366733466,1.5,125,995
2212,1.0,0.9398797595190381,2.0,125,995
2213,1.0,0.9959919839679359,2.5,125,995
2214,0.994,0.9979959919839679,3.0,125,995
2215,0.932,0.9979959919839679,3.5,125,995
2216,0.846,1.0,4.0,125,995
2217,0.778,1.0,4.5,125,995
2218,0.696,1.0,5.0,125,995
2219,0.614,1.0,5.5,125,995
2220,0.512,1.0,6.0,125,995
2221,0.346,1.0,6.5,125,995
2222,0.226,1.0,7.0,125,995
2223,0.114,1.0,7.5,125,995
2224,0.0,1.0,0.0,150,995
2225,0.84,0.9178356713426854,0.5,150,995
2226,1.0,0.0,1.0,150,995
2227,1.0,0.20440881763527055,1.5,150,995
2228,1.0,0.9398797595190381,2.0,150,995
2229,1.0,0.9979959919839679,2.5,150,995
2230,0.998,0.9979959919839679,3.0,150,995
2231,0.97,1.0,3.5,150,995
2232,0.876,1.0,4.0,150,995
2233,0.812,1.0,4.5,150,995
2234,0.736,1.0,5.0,150,995
2235,0.648,1.0,5.5,150,995
2236,0.518,1.0,6.0,150,995
2237,0.386,1.0,6.5,150,995
2238,0.27,1.0,7.0,150,995
2239,0.152,1.0,7.5,150,995
2240,0.0,1.0,0.0,0,1000
2241,0.0,1.0,0.5,0,1000
2242,0.0,1.0,1.0,0,1000
2243,0.0,1.0,1.5,0,1000
2244,0.0,1.0,2.0,0,1000
2245,0.0,1.0,2.5,0,1000
2246,0.0,1.0,3.0,0,1000
2247,0.0,1.0,3.5,0,1000
2248,0.0,1.0,4.0,0,1000
2249,0.0,1.0,4.5,0,1000
2250,0.0,1.0,5.0,0,1000
2251,0.0,1.0,5.5,0,1000
2252,0.0,1.0,6.0,0,1000
2253,0.0,1.0,6.5,0,1000
2254,0.0,1.0,7.0,0,1000
2255,0.0,1.0,7.5,0,1000
2256,0.0,1.0,0.0,25,1000
2257,0.0,1.0,0.5,25,1000
2258,1.0,0.0,1.0,25,1000
2259,0.822,0.9979959919839679,1.5,25,1000
2260,0.002,1.0,2.0,25,1000
2261,0.002,1.0,2.5,25,1000
2262,0.002,1.0,3.0,25,1000
2263,0.002,1.0,3.5,25,1000
2264,0.002,1.0,4.0,25,1000
2265,0.002,1.0,4.5,25,1000
2266,0.002,1.0,5.0,25,1000
2267,0.002,1.0,5.5,25,1000
2268,0.002,1.0,6.0,25,1000
2269,0.002,1.0,6.5,25,1000
2270,0.002,1.0,7.0,25,1000
2271,0.002,1.0,7.5,25,1000
2272,0.0,1.0,0.0,50,1000
2273,0.0,1.0,0.5,50,1000
2274,1.0,0.0,1.0,50,1000
2275,1.0,0.9559118236472945,1.5,50,1000
2276,0.882,1.0,2.0,50,1000
2277,0.384,1.0,2.5,50,1000
2278,0.012,1.0,3.0,50,1000
2279,0.002,1.0,3.5,50,1000
2280,0.002,1.0,4.0,50,1000
2281,0.002,1.0,4.5,50,1000
2282,0.002,1.0,5.0,50,1000
2283,0.002,1.0,5.5,50,1000
2284,0.002,1.0,6.0,50,1000
2285,0.002,1.0,6.5,50,1000
2286,0.002,1.0,7.0,50,1000
2287,0.002,1.0,7.5,50,1000
2288,0.0,1.0,0.0,75,1000
2289,0.006,1.0,0.5,75,1000
2290,1.0,0.0,1.0,75,1000
2291,1.0,0.7575150300601202,1.5,75,1000
2292,0.99,0.9979959919839679,2.0,75,1000
2293,0.87,0.9979959919839679,2.5,75,1000
2294,0.764,1.0,3.0,75,1000
2295,0.554,1.0,3.5,75,1000
2296,0.168,1.0,4.0,75,1000
2297,0.028,1.0,4.5,75,1000
2298,0.004,1.0,5.0,75,1000
2299,0.002,1.0,5.5,75,1000
2300,0.002,1.0,6.0,75,1000
2301,0.002,1.0,6.5,75,1000
2302,0.002,1.0,7.0,75,1000
2303,0.002,1.0,7.5,75,1000
2304,0.0,1.0,0.0,100,1000
2305,0.2,1.0,0.5,100,1000
2306,1.0,0.0,1.0,100,1000
2307,1.0,0.56312625250501,1.5,100,1000
2308,1.0,0.9919839679358717,2.0,100,1000
2309,0.996,0.9979959919839679,2.5,100,1000
2310,0.88,0.9979959919839679,3.0,100,1000
2311,0.782,1.0,3.5,100,1000
2312,0.698,1.0,4.0,100,1000
2313,0.602,1.0,4.5,100,1000
2314,0.39,1.0,5.0,100,1000
2315,0.162,1.0,5.5,100,1000
2316,0.06,1.0,6.0,100,1000
2317,0.02,1.0,6.5,100,1000
2318,0.002,1.0,7.0,100,1000
2319,0.002,1.0,7.5,100,1000
2320,0.0,1.0,0.0,125,1000
2321,0.51,0.9919839679358717,0.5,125,1000
2322,1.0,0.0,1.0,125,1000
2323,1.0,0.4749498997995992,1.5,125,1000
2324,1.0,0.9879759519038076,2.0,125,1000
2325,1.0,0.9979959919839679,2.5,125,1000
2326,0.98,0.9979959919839679,3.0,125,1000
2327,0.876,1.0,3.5,125,1000
2328,0.79,1.0,4.0,125,1000
2329,0.694,1.0,4.5,125,1000
2330,0.606,1.0,5.0,125,1000
2331,0.472,1.0,5.5,125,1000
2332,0.302,1.0,6.0,125,1000
2333,0.162,1.0,6.5,125,1000
2334,0.068,1.0,7.0,125,1000
2335,0.026,1.0,7.5,125,1000
2336,0.0,1.0,0.0,150,1000
2337,0.714,0.9799599198396793,0.5,150,1000
2338,1.0,0.0,1.0,150,1000
2339,1.0,0.4088176352705411,1.5,150,1000
2340,1.0,0.9799599198396793,2.0,150,1000
2341,1.0,0.9979959919839679,2.5,150,1000
2342,0.984,0.9979959919839679,3.0,150,1000
2343,0.928,1.0,3.5,150,1000
2344,0.828,1.0,4.0,150,1000
2345,0.744,1.0,4.5,150,1000
2346,0.646,1.0,5.0,150,1000
2347,0.508,1.0,5.5,150,1000
2348,0.366,1.0,6.0,150,1000
2349,0.228,1.0,6.5,150,1000
2350,0.114,1.0,7.0,150,1000
2351,0.046,1.0,7.5,150,1000
2352,0.0,1.0,0.0,0,1005
2353,0.0,1.0,0.5,0,1005
2354,0.0,1.0,1.0,0,1005
2355,0.0,1.0,1.5,0,1005
2356,0.0,1.0,2.0,0,1005
2357,0.0,1.0,2.5,0,1005
2358,0.0,1.0,3.0,0,1005
2359,0.0,1.0,3.5,0,1005
2360,0.0,1.0,4.0,0,1005
2361,0.0,1.0,4.5,0,1005
2362,0.0,1.0,5.0,0,1005
2363,0.0,1.0,5.5,0,1005
2364,0.0,1.0,6.0,0,1005
2365,0.0,1.0,6.5,0,1005
2366,0.0,1.0,7.0,0,1005
2367,0.0,1.0,7.5,0,1005
2368,0.0,1.0,0.0,25,1005
2369,0.0,1.0,0.5,25,1005
2370,1.0,0.0,1.0,25,1005
2371,0.48,1.0,1.5,25,1005
2372,0.002,1.0,2.0,25,1005
2373,0.002,1.0,2.5,25,1005
2374,0.002,1.0,3.0,25,1005
2375,0.002,1.0,3.5,25,1005
2376,0.002,1.0,4.0,25,1005
2377,0.002,1.0,4.5,25,1005
2378,0.002,1.0,5.0,25,1005
2379,0.002,1.0,5.5,25,1005
2380,0.002,1.0,6.0,25,1005
2381,0.002,1.0,6.5,25,1005
2382,0.002,1.0,7.0,25,1005
2383,0.002,1.0,7.5,25,1005
2384,0.0,1.0,0.0,50,1005
2385,0.0,1.0,0.5,50,1005
2386,1.0,0.0,1.0,50,1005
2387,1.0,0.9979959919839679,1.5,50,1005
2388,0.764,1.0,2.0,50,1005
2389,0.076,1.0,2.5,50,1005
2390,0.002,1.0,3.0,50,1005
2391,0.002,1.0,3.5,50,1005
2392,0.002,1.0,4.0,50,1005
2393,0.002,1.0,4.5,50,1005
2394,0.002,1.0,5.0,50,1005
2395,0.002,1.0,5.5,50,1005
2396,0.002,1.0,6.0,50,1005
2397,0.002,1.0,6.5,50,1005
2398,0.002,1.0,7.0,50,1005
2399,0.002,1.0,7.5,50,1005
2400,0.0,1.0,0.0,75,1005
2401,0.0,1.0,0.5,75,1005
2402,1.0,0.0,1.0,75,1005
2403,1.0,0.9719438877755511,1.5,75,1005
2404,0.958,0.9979959919839679,2.0,75,1005
2405,0.802,1.0,2.5,75,1005
2406,0.61,1.0,3.0,75,1005
2407,0.154,1.0,3.5,75,1005
2408,0.008,1.0,4.0,75,1005
2409,0.002,1.0,4.5,75,1005
2410,0.002,1.0,5.0,75,1005
2411,0.002,1.0,5.5,75,1005
2412,0.002,1.0,6.0,75,1005
2413,0.002,1.0,6.5,75,1005
2414,0.002,1.0,7.0,75,1005
2415,0.002,1.0,7.5,75,1005
2416,0.0,1.0,0.0,100,1005
2417,0.004,1.0,0.5,100,1005
2418,1.0,0.0,1.0,100,1005
2419,1.0,0.8917835671342685,1.5,100,1005
2420,1.0,0.9979959919839679,2.0,100,1005
2421,0.934,0.9979959919839679,2.5,100,1005
2422,0.796,1.0,3.0,100,1005
2423,0.698,1.0,3.5,100,1005
2424,0.546,1.0,4.0,100,1005
2425,0.242,1.0,4.5,100,1005
2426,0.066,1.0,5.0,100,1005
2427,0.01,1.0,5.5,100,1005
2428,0.002,1.0,6.0,100,1005
2429,0.002,1.0,6.5,100,1005
2430,0.002,1.0,7.0,100,1005
2431,0.002,1.0,7.5,100,1005
2432,0.0,1.0,0.0,125,1005
2433,0.104,1.0,0.5,125,1005
2434,1.0,0.0,1.0,125,1005
2435,1.0,0.8256513026052105,1.5,125,1005
2436,1.0,0.9979959919839679,2.0,125,1005
2437,0.994,0.9979959919839679,2.5,125,1005
2438,0.904,1.0,3.0,125,1005
2439,0.788,1.0,3.5,125,1005
2440,0.668,1.0,4.0,125,1005
2441,0.562,1.0,4.5,125,1005
2442,0.366,1.0,5.0,125,1005
2443,0.178,1.0,5.5,125,1005
2444,0.066,1.0,6.0,125,1005
2445,0.014,1.0,6.5,125,1005
2446,0.002,1.0,7.0,125,1005
2447,0.002,1.0,7.5,125,1005
2448,0.0,1.0,0.0,150,1005
2449,0.38,1.0,0.5,150,1005
2450,1.0,0.0,1.0,150,1005
2451,1.0,0.7414829659318637,1.5,150,1005
2452,1.0,0.9979959919839679,2.0,150,1005
2453,1.0,0.9979959919839679,2.5,150,1005
2454,0.956,1.0,3.0,150,1005
2455,0.838,1.0,3.5,150,1005
2456,0.736,1.0,4.0,150,1005
2457,0.606,1.0,4.5,150,1005
2458,0.448,1.0,5.0,150,1005
2459,0.282,1.0,5.5,150,1005
2460,0.134,1.0,6.0,150,1005
2461,0.05,1.0,6.5,150,1005
2462,0.008,1.0,7.0,150,1005
2463,0.002,1.0,7.5,150,1005
2464,0.0,1.0,0.0,0,1010
2465,0.0,1.0,0.5,0,1010
2466,0.0,1.0,1.0,0,1010
2467,0.0,1.0,1.5,0,1010
2468,0.0,1.0,2.0,0,1010
2469,0.0,1.0,2.5,0,1010
2470,0.0,1.0,3.0,0,1010
2471,0.0,1.0,3.5,0,1010
2472,0.0,1.0,4.0,0,1010
2473,0.0,1.0,4.5,0,1010
2474,0.0,1.0,5.0,0,1010
2475,0.0,1.0,5.5,0,1010
2476,0.0,1.0,6.0,0,1010
2477,0.0,1.0,6.5,0,1010
2478,0.0,1.0,7.0,0,1010
2479,0.0,1.0,7.5,0,1010
2480,0.0,1.0,0.0,25,1010
2481,0.0,1.0,0.5,25,1010
2482,1.0,0.0,1.0,25,1010
2483,0.114,1.0,1.5,25,1010
2484,0.002,1.0,2.0,25,1010
2485,0.002,1.0,2.5,25,1010
2486,0.002,1.0,3.0,25,1010
2487,0.002,1.0,3.5,25,1010
2488,0.002,1.0,4.0,25,1010
2489,0.002,1.0,4.5,25,1010
2490,0.002,1.0,5.0,25,1010
2491,0.002,1.0,5.5,25,1010
2492,0.002,1.0,6.0,25,1010
2493,0.002,1.0,6.5,25,1010
2494,0.002,1.0,7.0,25,1010
2495,0.002,1.0,7.5,25,1010
2496,0.0,1.0,0.0,50,1010
2497,0.0,1.0,0.5,50,1010
2498,1.0,0.0,1.0,50,1010
2499,0.97,1.0,1.5,50,1010
2500,0.498,1.0,2.0,50,1010
2501,0.002,1.0,2.5,50,1010
2502,0.002,1.0,3.0,50,1010
2503,0.002,1.0,3.5,50,1010
2504,0.002,1.0,4.0,50,1010
2505,0.002,1.0,4.5,50,1010
2506,0.002,1.0,5.0,50,1010
2507,0.002,1.0,5.5,50,1010
2508,0.002,1.0,6.0,50,1010
2509,0.002,1.0,6.5,50,1010
2510,0.002,1.0,7.0,50,1010
2511,0.002,1.0,7.5,50,1010
2512,0.0,1.0,0.0,75,1010
2513,0.0,1.0,0.5,75,1010
2514,1.0,0.0,1.0,75,1010
2515,1.0,0.9979959919839679,1.5,75,1010
2516,0.86,1.0,2.0,75,1010
2517,0.634,1.0,2.5,75,1010
2518,0.082,1.0,3.0,75,1010
2519,0.002,1.0,3.5,75,1010
2520,0.002,1.0,4.0,75,1010
2521,0.002,1.0,4.5,75,1010
2522,0.002,1.0,5.0,75,1010
2523,0.002,1.0,5.5,75,1010
2524,0.002,1.0,6.0,75,1010
2525,0.002,1.0,6.5,75,1010
2526,0.002,1.0,7.0,75,1010
2527,0.002,1.0,7.5,75,1010
2528,0.0,1.0,0.0,100,1010
2529,0.0,1.0,0.5,100,1010
2530,1.0,0.0,1.0,100,1010
2531,1.0,0.9959919839679359,1.5,100,1010
2532,0.992,1.0,2.0,100,1010
2533,0.808,1.0,2.5,100,1010
2534,0.644,1.0,3.0,100,1010
2535,0.342,1.0,3.5,100,1010
2536,0.046,1.0,4.0,100,1010
2537,0.002,1.0,4.5,100,1010
2538,0.002,1.0,5.0,100,1010
2539,0.002,1.0,5.5,100,1010
2540,0.002,1.0,6.0,100,1010
2541,0.002,1.0,6.5,100,1010
2542,0.002,1.0,7.0,100,1010
2543,0.002,1.0,7.5,100,1010
2544,0.0,1.0,0.0,125,1010
2545,0.0,1.0,0.5,125,1010
2546,1.0,0.0,1.0,125,1010
2547,1.0,0.9799599198396793,1.5,125,1010
2548,1.0,0.9979959919839679,2.0,125,1010
2549,0.912,1.0,2.5,125,1010
2550,0.762,1.0,3.0,125,1010
2551,0.61,1.0,3.5,125,1010
2552,0.386,1.0,4.0,125,1010
2553,0.116,1.0,4.5,125,1010
2554,0.018,1.0,5.0,125,1010
2555,0.002,1.0,5.5,125,1010
2556,0.002,1.0,6.0,125,1010
2557,0.002,1.0,6.5,125,1010
2558,0.002,1.0,7.0,125,1010
2559,0.002,1.0,7.5,125,1010
2560,0.0,1.0,0.0,150,1010
2561,0.006,1.0,0.5,150,1010
2562,1.0,0.0,1.0,150,1010
2563,1.0,0.969939879759519,1.5,150,1010
2564,1.0,0.9979959919839679,2.0,150,1010
2565,0.972,1.0,2.5,150,1010
2566,0.834,1.0,3.0,150,1010
2567,0.684,1.0,3.5,150,1010
2568,0.52,1.0,4.0,150,1010
2569,0.284,1.0,4.5,150,1010
2570,0.098,1.0,5.0,150,1010
2571,0.02,1.0,5.5,150,1010
2572,0.002,1.0,6.0,150,1010
2573,0.002,1.0,6.5,150,1010
2574,0.002,1.0,7.0,150,1010
2575,0.002,1.0,7.5,150,1010
2576,0.0,1.0,0.0,0,1015
2577,0.0,1.0,0.5,0,1015
2578,0.0,1.0,1.0,0,1015
2579,0.0,1.0,1.5,0,1015
2580,0.0,1.0,2.0,0,1015
2581,0.0,1.0,2.5,0,1015
2582,0.0,1.0,3.0,0,1015
2583,0.0,1.0,3.5,0,1015
2584,0.0,1.0,4.0,0,1015
2585,0.0,1.0,4.5,0,1015
2586,0.0,1.0,5.0,0,1015
2587,0.0,1.0,5.5,0,1015
2588,0.0,1.0,6.0,0,1015
2589,0.0,1.0,6.5,0,1015
2590,0.0,1.0,7.0,0,1015
2591,0.0,1.0,7.5,0,1015
2592,0.0,1.0,0.0,25,1015
2593,0.0,1.0,0.5,25,1015
2594,1.0,0.0,1.0,25,1015
2595,0.002,1.0,1.5,25,1015
2596,0.002,1.0,2.0,25,1015
2597,0.002,1.0,2.5,25,1015
2598,0.002,1.0,3.0,25,1015
2599,0.002,1.0,3.5,25,1015
2600,0.002,1.0,4.0,25,1015
2601,0.002,1.0,4.5,25,1015
2602,0.002,1.0,5.0,25,1015
2603,0.002,1.0,5.5,25,1015
2604,0.002,1.0,6.0,25,1015
2605,0.002,1.0,6.5,25,1015
2606,0.002,1.0,7.0,25,1015
2607,0.002,1.0,7.5,25,1015
2608,0.0,1.0,0.0,50,1015
2609,0.0,1.0,0.5,50,1015
2610,1.0,0.0,1.0,50,1015
2611,0.774,1.0,1.5,50,1015
2612,0.002,1.0,2.0,50,1015
2613,0.002,1.0,2.5,50,1015
2614,0.002,1.0,3.0,50,1015
2615,0.002,1.0,3.5,50,1015
2616,0.002,1.0,4.0,50,1015
2617,0.002,1.0,4.5,50,1015
2618,0.002,1.0,5.0,50,1015
2619,0.002,1.0,5.5,50,1015
2620,0.002,1.0,6.0,50,1015
2621,0.002,1.0,6.5,50,1015
2622,0.002,1.0,7.0,50,1015
2623,0.002,1.0,7.5,50,1015
2624,0.0,1.0,0.0,75,1015
2625,0.0,1.0,0.5,75,1015
2626,1.0,0.0,1.0,75,1015
2627,0.968,1.0,1.5,75,1015
2628,0.566,1.0,2.0,75,1015
2629,0.002,1.0,2.5,75,1015
2630,0.002,1.0,3.0,75,1015
2631,0.002,1.0,3.5,75,1015
2632,0.002,1.0,4.0,75,1015
2633,0.002,1.0,4.5,75,1015
2634,0.002,1.0,5.0,75,1015
2635,0.002,1.0,5.5,75,1015
2636,0.002,1.0,6.0,75,1015
2637,0.002,1.0,6.5,75,1015
2638,0.002,1.0,7.0,75,1015
2639,0.002,1.0,7.5,75,1015
2640,0.0,1.0,0.0,100,1015
2641,0.0,1.0,0.5,100,1015
2642,1.0,0.0,1.0,100,1015
2643,1.0,1.0,1.5,100,1015
2644,0.788,1.0,2.0,100,1015
2645,0.414,1.0,2.5,100,1015
2646,0.002,1.0,3.0,100,1015
2647,0.002,1.0,3.5,100,1015
2648,0.002,1.0,4.0,100,1015
2649,0.002,1.0,4.5,100,1015
2650,0.002,1.0,5.0,100,1015
2651,0.002,1.0,5.5,100,1015
2652,0.002,1.0,6.0,100,1015
2653,0.002,1.0,6.5,100,1015
2654,0.002,1.0,7.0,100,1015
2655,0.002,1.0,7.5,100,1015
2656,0.0,1.0,0.0,125,1015
2657,0.0,1.0,0.5,125,1015
2658,1.0,0.0,1.0,125,1015
2659,1.0,0.9979959919839679,1.5,125,1015
2660,0.888,1.0,2.0,125,1015
2661,0.646,1.0,2.5,125,1015
2662,0.222,1.0,3.0,125,1015
2663,0.002,1.0,3.5,125,1015
2664,0.002,1.0,4.0,125,1015
2665,0.002,1.0,4.5,125,1015
2666,0.002,1.0,5.0,125,1015
2667,0.002,1.0,5.5,125,1015
2668,0.002,1.0,6.0,125,1015
2669,0.002,1.0,6.5,125,1015
2670,0.002,1.0,7.0,125,1015
2671,0.002,1.0,7.5,125,1015
2672,0.0,1.0,0.0,150,1015
2673,0.0,1.0,0.5,150,1015
2674,1.0,0.0,1.0,150,1015
2675,1.0,0.9979959919839679,1.5,150,1015
2676,0.976,1.0,2.0,150,1015
2677,0.734,1.0,2.5,150,1015
2678,0.482,1.0,3.0,150,1015
2679,0.096,1.0,3.5,150,1015
2680,0.002,1.0,4.0,150,1015
2681,0.002,1.0,4.5,150,1015
2682,0.002,1.0,5.0,150,1015
2683,0.002,1.0,5.5,150,1015
2684,0.002,1.0,6.0,150,1015
2685,0.002,1.0,6.5,150,1015
2686,0.002,1.0,7.0,150,1015
2687,0.002,1.0,7.5,150,1015
2688,0.0,1.0,0.0,0,1020
2689,0.0,1.0,0.5,0,1020
2690,0.0,1.0,1.0,0,1020
2691,0.0,1.0,1.5,0,1020
2692,0.0,1.0,2.0,0,1020
2693,0.0,1.0,2.5,0,1020
2694,0.0,1.0,3.0,0,1020
2695,0.0,1.0,3.5,0,1020
2696,0.0,1.0,4.0,0,1020
2697,0.0,1.0,4.5,0,1020
2698,0.0,1.0,5.0,0,1020
2699,0.0,1.0,5.5,0,1020
2700,0.0,1.0,6.0,0,1020
2701,0.0,1.0,6.5,0,1020
2702,0.0,1.0,7.0,0,1020
2703,0.0,1.0,7.5,0,1020
2704,0.0,1.0,0.0,25,1020
2705,0.0,1.0,0.5,25,1020
2706,0.934,0.3366733466933868,1.0,25,1020
2707,0.002,1.0,1.5,25,1020
2708,0.002,1.0,2.0,25,1020
2709,0.002,1.0,2.5,25,1020
2710,0.002,1.0,3.0,25,1020
2711,0.002,1.0,3.5,25,1020
2712,0.002,1.0,4.0,25,1020
2713,0.002,1.0,4.5,25,1020
2714,0.002,1.0,5.0,25,1020
2715,0.002,1.0,5.5,25,1020
2716,0.002,1.0,6.0,25,1020
2717,0.002,1.0,6.5,25,1020
2718,0.002,1.0,7.0,25,1020
2719,0.002,1.0,7.5,25,1020
2720,0.0,1.0,0.0,50,1020
2721,0.0,1.0,0.5,50,1020
2722,1.0,0.004008016032064128,1.0,50,1020
2723,0.002,1.0,1.5,50,1020
2724,0.002,1.0,2.0,50,1020
2725,0.002,1.0,2.5,50,1020
2726,0.002,1.0,3.0,50,1020
2727,0.002,1.0,3.5,50,1020
2728,0.002,1.0,4.0,50,1020
2729,0.002,1.0,4.5,50,1020
2730,0.002,1.0,5.0,50,1020
2731,0.002,1.0,5.5,50,1020
2732,0.002,1.0,6.0,50,1020
2733,0.002,1.0,6.5,50,1020
2734,0.002,1.0,7.0,50,1020
2735,0.002,1.0,7.5,50,1020
2736,0.0,1.0,0.0,75,1020
2737,0.0,1.0,0.5,75,1020
2738,1.0,0.0,1.0,75,1020
2739,0.002,1.0,1.5,75,1020
2740,0.002,1.0,2.0,75,1020
2741,0.002,1.0,2.5,75,1020
2742,0.002,1.0,3.0,75,1020
2743,0.002,1.0,3.5,75,1020
2744,0.002,1.0,4.0,75,1020
2745,0.002,1.0,4.5,75,1020
2746,0.002,1.0,5.0,75,1020
2747,0.002,1.0,5.5,75,1020
2748,0.002,1.0,6.0,75,1020
2749,0.002,1.0,6.5,75,1020
2750,0.002,1.0,7.0,75,1020
2751,0.002,1.0,7.5,75,1020
2752,0.0,1.0,0.0,100,1020
2753,0.0,1.0,0.5,100,1020
2754,0.99,0.0,1.0,100,1020
2755,0.31,1.0,1.5,100,1020
2756,0.002,1.0,2.0,100,1020
2757,0.002,1.0,2.5,100,1020
2758,0.002,1.0,3.0,100,1020
2759,0.002,1.0,3.5,100,1020
2760,0.002,1.0,4.0,100,1020
2761,0.002,1.0,4.5,100,1020
2762,0.002,1.0,5.0,100,1020
2763,0.002,1.0,5.5,100,1020
2764,0.002,1.0,6.0,100,1020
2765,0.002,1.0,6.5,100,1020
2766,0.002,1.0,7.0,100,1020
2767,0.002,1.0,7.5,100,1020
2768,0.0,1.0,0.0,125,1020
2769,0.0,1.0,0.5,125,1020
2770,0.926,0.0,1.0,125,1020
2771,0.592,1.0,1.5,125,1020
2772,0.002,1.0,2.0,125,1020
2773,0.002,1.0,2.5,125,1020
2774,0.002,1.0,3.0,125,1020
2775,0.002,1.0,3.5,125,1020
2776,0.002,1.0,4.0,125,1020
2777,0.002,1.0,4.5,125,1020
2778,0.002,1.0,5.0,125,1020
2779,0.002,1.0,5.5,125,1020
2780,0.002,1.0,6.0,125,1020
2781,0.002,1.0,6.5,125,1020
2782,0.002,1.0,7.0,125,1020
2783,0.002,1.0,7.5,125,1020
2784,0.0,1.0,0.0,150,1020
2785,0.0,1.0,0.5,150,1020
2786,0.764,0.0,1.0,150,1020
2787,0.742,1.0,1.5,150,1020
2788,0.002,1.0,2.0,150,1020
2789,0.002,1.0,2.5,150,1020
2790,0.002,1.0,3.0,150,1020
2791,0.002,1.0,3.5,150,1020
2792,0.002,1.0,4.0,150,1020
2793,0.002,1.0,4.5,150,1020
2794,0.002,1.0,5.0,150,1020
2795,0.002,1.0,5.5,150,1020
2796,0.002,1.0,6.0,150,1020
2797,0.002,1.0,6.5,150,1020
2798,0.002,1.0,7.0,150,1020
2799,0.002,1.0,7.5,150,1020
